protein,sequence,label
Q5T2Q4,IPLEPNPSDHPKASTIFLRKSQTDVQEKKKKQLCKVS,1
O43149,VPHLPLAKIWEWLVGVACRQTGHQRLKAIHLLLRIVR,0
O14727-5,EIKAHEDEVLCCAFSTDDRFIATCSVDKKVKIWNSMT,1
Q9UQ35-2,RSRSRSAAAKTHTTALAGRSPSPASGRRGEGDAPFSE,1
O75131,FNPSNPYCNGIQGIVEAYRSCLPQIKLYGPTNFSPII,0
O15047,MPMAAEPLPSSSVSGEEARLPPREEAELAEGKTLPTA,0
Q13464,DLDFPALRKNKNIDNFLSRYKDTINKIRDLRMKAEDY,1
Q15648,LLDDKTASPIILHENNVSRSLGMNASVTIEGTSAVYK,0
Q8N4W6,GRPIAILPISVAASITAQRHRRYKALVASEPLSVRLY,1
Q13464,EMSKSISQLESLNRELQERNRILENSKSQTDKDYYQL,0
Q5CZC0-2,KLEQLERTAEEQRLFLMDREERRQREHTRRKLTLRRK,1
Q03001,CSFLETKLQGIGHFQNTIREMFSQFAEFDDELDSMAP,0
A6PVS8-2,KNLSPVFFHKKKQQEKIIRGYEAKWIYITKGYEDKLL,1
P07814,SCDSFTSTINELNHCLSLRTYLVGNSLSLADLCVWAT,0
Q03001,VGGGWMALDEFLVKNDPCRVHHHGSKMLRSESNSSIT,0
Q02224-3,EIVAQEKNHAIKKEGELSRTCDRLAEVEEKLKEKSQQ,0
Q9UL62,LYAIRKEVVGAVELLLSYRRPSGEKQVPTLMMDTQFS,1
P34925,KPMVILPYMNWGNLKLFLRQCKLVEANNPQAISQQDL,1
Q9H040,EGKGGMCSIRLSEPLLKLRPRKDLVETLLHEMIHAYL,0
Q5JPB2,RQQATAAEKPWDAKAPEGRLRKCESTDSGYLSRSDSA,0
Q5VTL7,TPQFITTAPCSPEIKNVSRDAFSMINVHWRSTNDDAT,1
P12882,FKIKNAYEESLDQLETLKRENKNLQQEISDLTEQIAE,0
P27708,STKIGSCMKSVGEVMGIGRSFEEAFQKALRMVDENCV,0
P39880-6,LDATATVLANRQDESEQSRKRLIEQSREFKKNTPEDL,1
Q08211,NDELTPLGRILAKLPIEPRFGKMMIMGCIFYVGDAIC,1
Q96M83,RSKSSVKVMLSKTMDKENRPEAVKSCEALAQKIEEFL,0
Q9NRD8,GMASQISELEDNIVVEDLRDYWPGPGKFSRTDYVASS,0
Q702N8-2,SQGDPQPEAPPKGDVQTIRWLFETCPMSELAEKQGSE,0
P02545,EEERLRLSPSPTSQRSRGRASSHSSQTQGGGSVTKKR,1
Q8TDW7,AEKGVGTIVIAKPLDAEQRSIYNMSVEVTDGTNVAVT,0
Q9BZ29-3,QWEPPLLPHSHSACLRRSRGGVFRQGCTAFRVITPNI,0
P62995-3,GGGGGGWRAAQDRDQIYRRRSPSPYYSRGGYRSRSRS,1
O60749-2,LLSDYIRLIAAVKGVFDHRMKCWQKWEDAQITLLKKR,1
Q5T011-5,EAHGALHSVIQEKFLEISRLHFRTVPSNPHYFFYCPP,0
Q8TD57,LELVANKFLEDVELDDNIRVEVVSMCKYFQESVKKLS,0
O75344-3,GQACLLLTEYQKARDFLVRAQKEQPFNHDINNELKKL,1
Q12887,LRNVNKQWITFQHFSFLKRMYVTQLNRSHNQQVRPKP,1
Q5T5S1-2,KGQELLLTIQMGIDNLYVRLMGINLPATQVPGVRLSC,0
Q68DK2-4,CLLVLLGWTHCQSLESAKRLLQTLHRTQGPGCDELLR,0
Q0VDD8-4,NNSVRKFITEKMGNKYLQRTGVNLKDAYKGSNARTPL,0
Q92736,ATKPEFNNHKDYAQEKPSRLKQRFLLRRTKPDYSTSH,0
Q5SSJ5-3,VDPEPQVKLEDVLPLAFTRLCEPKEASYSLIRKYVSQ,1
Q14626-2,LLDVSLQSILRPDPPQGLRVESVPGYPRRLRASWTYP,0
Q8NF50-4,YKGKQSSDKVSTQVLQKSRDVKARLEEALLRGEGARG,0
Q9NZR2,PNGLTVDHFEKRIVWTDARSDAIYSALYDGTNMIEII,0
Q9NZR2,NGRVNCSCRGDRILLEDNRCVTKNSSCNAYSEFECGN,1
Q6PIF6-2,SVHANNKAFLQPKNIHDARFGIAHFAGEVYYQAEGFL,0
Q13541,DRKFLMECRNSPVTKTPPRDLPTIPGVTSPSSDEPPM,1
P13569-2,QWAVNSSIDVDSLMRSVSRVFKFIDMPTEGKPTKSTK,1
Q05682-5,AAGTPNKETAGLKVGVSSRINEWLTKTPDGNKSPAPK,0
Q8IZM0,RVTFSSRSLGSLPAFAMFRSSRPSFIKICFPFSSSIV,1
Q8WWI1-3,TSGLDLMSESGEGEISPQREVSRSQDQFSDMRISINQ,0
Q6PIF6-2,HANVDLWDIACQIFVAILRYMGDYPSRQAWPTLELTD,1
A1X283,VRGPQCEGHESRAAPTPGRALLVPPKAKPFLSNSLGG,1
Q96M83,QSKSHGETDKEHLADDTGRGIIKGSINAQLKGHQKTD,1
O15050,NSGNRLLHKNFLKQEVVQRFLRLLSTLQEIPPDLVCD,0
Q9Y2T1,EMHRSVKANGQVSLPHFPRTHRLPKEMTPVEPATFAA,1
Q5VT25,KGRRTVDSTPLSVHTPTLRKKGCPGSTGFPPKRKTHQ,1
Q92736,TIFEMQLAAQISESDLNERSANKEESEKERPEEQGPR,0
Q03001,KCEEFFSQAAASSSVPTLRSELNVVLQNMNQVYSMSS,0
Q96SQ7,ASSEIKALQQTRRLLANARERTRVHTISAAFEALRKQ,0
Q5THJ4-2,FPDDFKFKNPVLVVVDLGRMLLTNTQDNSRRKSRDGS,0
A7E2V4-5,GMKTTVSEAEHPLLCEGTRREKGDLALALMITYKDDQ,0
Q8NGU9,SGRGASAHLVVLIALERRRAVRLPHGRPLPARALAAL,1
Q5T011-5,LQQYVQYLQSIGFVLVPLRPPSPARSTSRPRAMAILG,0
Q2KHM9-2,LSVSATHLADKVEEAVLDRLKPLLVKAQRVNSTTEAN,1
O43854-2,INLQRKMRVTGVITQGAKRIGSPEYIKSYKIAYSNDG,1
Q9H0J9,VWNLFNRTLPFYFVQKIERVQNLALWEVYQWQKGQMQ,1
Q96MG8-2,KVGGILVMPIEDQLTQIMRTGQNTWESKNILAVSFAP,1
Q8WZ42-5,ISNEVGSSSCETTFTVLDRDIAPFFTKPLRNVDSVVN,0
Q96RW7-2,ENGTCIDIDECKDGTHQCRYNQICENTRGSYRCVCPR,0
Q2V2M9-2,VENFPDSSDLYSEIGAITRSAKVDFDQLQDNLCQMER,0
Q8WZ42-5,VDPKEYEKYARMYGITDFRGLLQAFELLKQSQEEETH,1
Q01955,YSNSYSFWLASLNPERMFRKPIPSTVKAGELEKIISR,1
Q709C8-4,ATLTDVDDLIFKLAYYEIRYQFYKRDQLIWSVVRHYS,1
P04275,EFFDIHLFVNGTVTQGDQRVSMPYASKGLYLETEAGY,0
Q15648,KRKKADTEGKSPSHSSSNRPFTPPTSTGGSKSPGSAG,1
Q9H3U7,CKDVSRCVAERKYTQEQARKEFQQVFIPECNDDGTYS,1
Q63HN8,DLEKIQRQIVSRFLQGKPRLSLKGIPTLVYRHDWNYE,1
Q86YJ7-2,PMSYEGRRQDRSAPPTPQRQPAPPASVPSPRPSSGPG,1
P21439-3,AAGRQIRKIRQKFFHAILRQEIGWFDINDTTELNTRL,1
Q86YT6,VWDNGTAANYRCSGAYDLRILDSAPTGIKHDGTMCDT,0
Q92547,NGSGKNDSKGVLTQTLEMRENFQKQLQEIMSATSIVK,0
Q2LD37-4,ECPTAFLERLCFEMKKGFRETMLQLILSPLNVFVSDN,0
Q8NFC6,SKELKHVHAKSEPSKPARRLSESLHVVDENKNESKLE,1
Q9BZ29-3,EAAMCYVHVTALVAEYLTRKEAVQWEPPLLPHSHSAC,0
Q96M20-3,LKKELGLYQLAMDIIIMIRVCKMFRQGLRGFREYQII,1
Q9ULE3-2,ENSESDSDTEEKLKAHSQRLVNVKSRLKQAPRYPSLA,0
Q63HN8,RCKGLQALSLRKEFICWVREALGGINELKVFVDLASI,0
P15336-3,GPARNDSVIVADQTPTPTRFLKNCEEVGLFNELASPF,1
P49418-2,EQFEEYVQNFKRQEAEGTRLQRELRGYLAAIKGMQEA,1
Q9BRQ3-3,EMWAELCPSAKGAIILYNRVQGSPTGAALGSPALLPP,0
Q9H4H8-2,TQTSITTACAGTQTAVITRIASSQTTIWSRSTTTQTD,0
Q9Y2C5-4,GLLADFLLSRKILRLITIRKLFTAIGKGETGHRGERG,1
Q53H96-2,XMAAAEPSPRRVGFVGAGRMAGAIAQGLIRAGKVEAQ,1
Q9BYC9,LKYPALIGNLVKCQVELNRKVLADLAIYEPKTFKSLA,1
P30793-3,NKQVLGLSKLARIVEIYSRRLQVQERLTKQIAVAITE,1
Q86VF2-5,ACSVRLTVIEVGFRKNRKRHREPQEDLRKELMDFRKL,0
Q5SXM2,RLDSHDWEKISNINFEGSRSAEEIRKFWQNSEHPSIN,0
P80108,SWTPDSMSFIYKALERNIRTMFIGGSQLSQKHVSSPL,1
Q13439-3,QGILSQSQDKSLRRIAELREELQMDQQAKKHLQEEFD,0
Q8WXH0-3,XXXXXXXXXMSNLRTWLARIESELSKPVVYDVCDDQE,1
Q14624-4,VTFEYPSNAVEEVTQNNFRLLFKGSEMVVAGKLQDRG,0
P20265-3,GSPTSIDKIAAQGRKRKKRTSIEVSVKGALESHFLKC,1
P30926-2,EEKLMDDLLNKTRYNNLIRPATSSSQLISIKLQLSLA,1
Q02156,EIDWVLLEQKKIKPPFKPRIKTKRDVNNFDQDFTREE,0
P23467-4,RVHMVQTECQYVYLHQCVRDVLRARKLRSEQENPLFP,0
Q8IWS0-4,SRAEFGDFDIKTVLQEIKRGKRMVCSFYICYATLHLI,1
Q96IZ7-2,GNIKAGLEHLPPAEQAKARLQLVLEAAAKADEALKAK,0
Q8WWI1-3,KNGNNKYLDQIGNMTSSQRRSKKEQVPSGAELERQQI,0
Q9NVE7,YAGSSGLMSASPELGPAQRARSGTFDLLEMDRLERPL,0
Q8TE73,LEISAETEVQINSAREEYRPVATRGSILYFLITEMRL,1
Q5SXM2,QEVIQEKLAEANLLLAQNREQQEELMRDLAGSKGTKV,0
Q2LD37-4,NISAVCDIGSASFKYDMRRLSEILAFPRAWYRRSIAR,1
P02751-12,DSTVLVRWTPPRAQITGYRLTVGLTRRGQPRQYNVGP,1
Q27J81-2,GPGKQEEVCVIDALLADIRKGFQLRKTARGRGDTDGG,0
Q9H4F1,QMLGSGLGAEIDSAECVFRMNQAPTVGFEADVGQRST,0
Q96M91,KHENEQDMLKKQKAKQETRTILQKALQERIEHIQQEY,0
Q96M91,LKAEWDQHNDCKILDSLVRARIKDAVQGFIINIEERR,1
Q9P2N5,TNEEARKAISSTEAVLNNRFIRVLWHRENNEQPTLQS,0
Q9Y5Y3,VHNQSDSLDLRQLTRAGLRRLQRQQQVSVDLSFKTKA,1
Q86WR7-2,KISERMAGNEALSPTSPFREGRPGEWRTPAARGPRSG,1
Q92922,TDIYSKKTLAKSKGASAGREWTEQETLLLLEALEMYK,0
P16519-3,KAKRRRSLHHKQQLERDPRVKMALQQEGFDRKKRGYR,1
Q9NR48-2,KSDVFMTQFSALQTARSVRTRRLAAAEENIEVARAAR,0
Q8NFD5-4,NHISRAPSPASFQRSLENRMSPSKSPFLPSMKMQKVM,1
Q01813-2,VLHLRGLPGHGGRRLKHRRGRLGECLQHPASGAVRGD,0
Q96TA1-2,PASPDGVTEIRGLLAQGLRPESPPPAGPLLNGAPAGE,1
Q8TD57,TKKKDLEENIEICSQKLVRAEKLISGLGGEKDRWTEA,0
Q9H6A9-2,TVIGAGTPPGLAEPLLVVRPKDLALLRPSKRQPPLRR,1
Q9P2N5,VPVSINSNITRVVLEPDSRKRAMSGLEGPLTKKPWLG,0
P62861,XXXXXXKVHGSLARAGKVRGQTPKVAKQEKKKKKTGR,1
P09619,LSTRNVSETRYVSELTLVRVKVAEAGHYTMRAFHEDA,0
Q9NPQ8-2,XXXXXXXXXXXXXMMPNRRTGRWVLAQGVKGQGRVAP,1
Q96A28-2,ILAMGLWVIRVQKRHKMPRMKKLMRNRMKLRKEAKPG,1
Q86WG5,ERRAATLYSQYTSKNDENRSFEGTLYKRGALLKGWKP,1
Q8N1F8,TSAPSAPPASSQGPDTAPRPSPPQEEARGPQESPQKM,1
Q6NYC8,XXXXXMATIPDWKLQLLARRRQEEASVRGREKAERER,1
Q8WXG9,VFALYSDRQSILIGQNLIRSIQINITRLAGTFGDVAV,0
Q29RF7,EAPYTSHDKLKDIFLFITRQLKGLEDTKSPQFNRYFY,1
Q6NUP7,IGTELTKSVVLPELIELSRDEGSSVRLAAFETLVNLL,0
Q8TD57,KTQTMCGSPFIKPIEAECRKWEEKLIRIQDNLDAWLK,0
Q8WTV1-3,FAFQDPTQVRENTDPASERGNASSSQKEKVLPEAGAG,0
Q3MIS6,RNNFDHAPLLPQEQKAHIREKAYKCNEHGQVFRASAS,1
P12111-4,PVEAFDFDEYQPEMLEKFRNMRSQHPYVLTEDTLKVY,0
Q9NTI5-2,ENEDYTMSSPLPGKKSDKRDDSDLVRSELEKPRGRKK,1
Q14160-2,SVKGVSFDQANNLLIEPARIEEEELTLTILRQTGGLG,0
Q5VU97-2,SPLAAQEMSVRMSNLENDRDERDDDSHEDRGIISNTR,0
Q8IY33-3,LKPKEPRALAEPRAGEAPRKVSGSFAGSVHITLTPVR,1
Q8IY37,YTDILIGLLSRIVTLRAKRNLPLKLLIMSATLRVEDF,1
Q96T58,DTAAVQLHFVSGNNVLAHRSLPLSEGGPPLRIAQRMR,0
P24043,RHEIEMTEKEWKYYGDDPRVHRTVTREDFLDILYDIH,1
P08F94-2,TVALLSRSITIQGNLTNEREKLLVSCQEANAPEGNLQ,0
Q9H251-4,LLATDLNSLPEEDQKGLGRSLETLTAAEATAFERNAR,0
O15047,TVGRVLAMLVQEMKSIMQRDLNRKMVENVAFGAFDQW,1
Q9BTC0,EHILQTLFGKKKSFDPSAREPPGSTAGLPQEPKTTAE,0
Q969G2,DYETAKQNDDSEAGAKRPRTTITAKQLETLKNAYKNS,1
Q7L2J0,RGPGRCAPSAGSPAAAVGRESPGAAATSSSGPQAQQH,1
A7E2Y1,KVFFKAGLLGVLEELRDQRLAKVLTLLQARSRGRLMR,1
Q9NRP4,DEQIGQLQELMQEATKPNRQFSISESMKPKFXXXXXX,1
O75582-2,KCVHKKSNQAFAVKIISKRMEANTQKEITALKLCEGH,0
Q96BJ8-2,ATQEDFDKVMQVVREQLARTLALKPTSLELFRTKVNA,1
O76094-2,QGQLNQAMKILQKAEDLCRRSLSEDTDQNVFDSKKKV,0
Q5TIE3-4,PTVVEYPNSGAALRMLGSRALAQQWRGTSSGFGRPQT,1
P50851-2,NQELPDEGTLEETLTNETRNADDLEVSSDIIEAVAIS,0
O95071-2,RDRDRDFRRQLSIDTRPFRPASEGNPSDDPEPLPAHR,0
Q15811-4,TRSKLQEIDIFNNQLKELREIHNKQQLQKQKSMEAER,1
Q92541,GGGRRGSRGTTMVKKRKGRVVIDSDTEDSGSDENLDQ,1
P11277-3,QVPSMGEEGGDADLSIEKRFLDLLEPLGRRKKQLESS,1
Q5T7R7,KIKSHSQCVFISRNFHTGRFQLQEEQRKKEAAHIKAI,1
Q9Y2H9,SSKREPSTKGPEEKVAGKREGLGGLTLREKTWRGGSP,1
Q13418-2,SAVVEMLIMRGARINVMNRGDDTPLHLAASHGHRDIV,1
Q6W2J9-3,GEGAQPVPGHARKTAVQDRKDGSSPPLLEKQTVTKDV,0
Q5QGS0,KYAKLAPLKGFWQKKKKQRNTNTDSIKTPFSQKQSFE,0
Q8WX92,GFFLTASPRKENVHRHALRLLIHLHPRVAPSKLEALQ,1
O75781-2,RWLLEGTPSSASEGDEDLRRQMQDDEQKTRLLEDSVS,0
Q8IVF6,SLHSSLATAINEYNEIVERKDLELVLWRADDVSRHEK,0
Q6ZUT9,KSSCKTFCHYVNAINTAPRNIGKDGKFQILVCLGTRD,1
Q3V5L5-5,GFFTLCFLMTSLGGQFSARRLGDSPFTIRTEVMGGPE,0
Q8N264-4,FDSNTDVHTVASLLKLYLRELPEPVIPYAKYEDFLSC,1
O43148-2,GTLSKSEWEATRLTVTIMREAWLSTVGPGRAPVAASS,1
Q14C86-4,QLITLVNFMKSVMSGDQLREDRMALDNLLANLPPAKP,0
Q16832,CLVAIIFILLAIIVIILWRQFWQKMLEKASRRMLDDE,0
Q92736,XXXXMADGGEGEDEIQFLRTDDEVVLQCTATIHKEQQ,0
Q9NZR2,WVDLYLDYVGVVDYQGKNRHTVIQGRQVRHLYGITVF,0
Q9Y6Y8-2,PHHKGRKRLHLELKESLSRMGSDLKQGFISSLKSAWQ,1
Q6PIF6-2,SQLNIGEEALEPDGLGADRPMSNLEKVHFIVGYAILR,0
P49411,PHQKVEAQVYILSKEEGGRHKPFVSHFMPVMFSLTWD,0
Q5THJ4-2,WLFKNAEPLKSLSLASTSRDSPGAVAAPLISGVEIKA,0
Q15149,CITDPQTGLCLLPLKEKKRERKTSSKSSVRKRRVVIV,0
Q6IN84,GKAGLQGKRAELLRMAEARDIPVLRPRRQKLDTMCRY,1
Q8NE31-2,WEPQQQNVEATVLVDSVLRPSMGNFKSRKPKSIFKAE,0
O14647-2,RKKQDSSDEDDDDDEAPKRQTRRRAAKNVSYKEDDDF,1
Q9UK58-6,EIVAMACINLASKIEEAPRRIRDVINVFHHLRQLRGK,0
Q7RTT4,GKANTSEKINKRSGPKRGRHAWTHRLRERNQLVIYEE,1
Q14315-2,LHETSTVLVETVTKSSSSRGSSYSSIPKFSSDASKVV,0
Q9P2T0-2,RDPRWEVLDVTKKVVASPRIISLAKPKVRKGLNEGYD,1
Q8NCE0-5,EDIEQLYGKGYFGKGILSRSRPSFTISDPKLVAKWKD,0
Q03001,TDPSTASSLQAKMKDLSARFSEASHKHKETLAKMEEL,0
Q9NR63-3,NVRKILMGEHHLVSTEWPRSTRMLLGPNTVSNSIGDI,1
Q9H4L4,VRGSPPVPSGPPMEEDGLRWTPKSPLDPDSGLLSCTL,0
O15091-3,VQTTGDSWHIPYDEDLVERCSCEVPTKWLCLHQKTXX,0
Q2NKX8,LLKRLRDEGHQTLVFSQSRQILNIIERLLKNRHFKTL,0
Q9P225-2,VQEYLDPTLNPMLNKSVARIGGRLLMRIGDKEVEYNT,0
Q6PK18,RFMFMEEGANKTVEPRAGRVSFFTSGSENLHRVEKVH,1
Q13464,KAFVGNQLPFVGFTYYSNRRYLSSANPNDNRTSSNAD,0
O95837,GFTKLVYQNIFTAMQAMIRAMDTLRIQYVCEQNKENA,1
Q12840,SYQKANMDNGNATDINDNRSDLPCGYEAEDQAKLFPL,0
O94915,LTDPVSSGVTHMDNPPYYRITSSYKIPSVTSGTTSSS,0
Q9Y4I1-2,HCLKQYSGEEGFMKHNTSRQNEHCLTNFDLAEYRQVL,0
Q9UPX0,LAAAILFSTLAACFVNKQRKRKLKRKKDPPLSITHCR,0
O75487-2,PTAQCTHALLKMIYCSHCRGLVTVKPCYNYCSNIMRG,0
Q9P225-2,NYEYLGNSGRLVITPLTDRCYMTLTTALHLHRGGSPK,1
O95613-2,KAVMSLLHTLEELKSDLSRPTSSQKKMAAELQFQFVD,1
Q08499-6,RFTVAHTCFDVDNGTSAGRSPLDPMTSPGSGLILQAN,0
Q6NXR0,VSPETVLRLYSQSSDGAMRVARAFERGIPVFGTLVAG,0
Q6W2J9-3,AVTSGLPGDTALLLPPSPRPSPRVHLPTQPAADTYSE,1
O95602,TREHYMELVYRGLTDKVGRVKLLSPSILKPFPLWTGK,0
Q9UGI8-2,KQLPAHDQDPSKCHELSPREVKEMEQFVKKYKSEALG,1
Q6NYC8,PVPGVAPKETAELSETLTREAQGNSSAGVEAAEQRPV,0
Q9ULE0,QLRWHSVQVFTSSEPSRTREAGCAGESSARDPAHTIS,1
Q6NV74,ASQEVKGVKRYSAEVRLERSLTVLPKEEKCPLGTAPA,1
Q5SNV9,QLEAAWGQYTKVLLVRSFREVSGLQVGPGGRVKQCPG,1
P78509-3,MYHTGDFEEWTRITIVIPRSLASSKTRFRWIQESSSQ,1
O75150-3,EVELELQGRMEFSKAAVSRVVEASDRLQRRVEELCQR,0
Q03001,NTSRNQERHLDTLHNFVSRATNELIWLNEKEEEEVAY,0
Q7Z3B3,APASSSSQVTASTSQQPVRRRRGESSFDINNIVIPMS,0
Q86YR7-4,LSPHYSFKKTMKLMTLSIRQLGRGSHRKFEIASRNGL,1
Q5TAX3,ATNGCILLGETTEKINAEREQPVQCDEMDCTSQRCII,0
P83369,RLDVSSDSFDPLLALYAPRLPPIPYPNAPCFNNVAEY,0
O95622-2,ERPFYNHLGGNQVSKEMKRMGFEDPKDKNAQESANPE,0
P15812-12,TKNSRHQFCLAQVSWIKNRVLKKWKTRLNQLWXXXXX,1
P25440-4,EKRQLSLDINKLPGEKLGRVVHIIQAREPSLRDSNPE,1
Q9NZN8-4,GIPSRTNSMSSSGLGSPNRSSPSIICMPKQQPSRQPF,1
Q6ZMW3-2,VWRWQEGAKVASRGGHLERIFVVEFRPDSDTQFVSVG,1
Q969H4-2,WLLLRKAPGGFMGPRWRRRWFVLKGHTLYWYRQPQDE,1
O60237-5,TEQIPAPAQNTFSASSARRFSSGLFNKPEEPKDESPS,1
O15078,NLEILNEKMTVQLEETGKRLQFAESRGPQLEGADSKS,0
Q6ZRV2,RHSFATEGAGAVENFAAARQVSRQTFLSHGDDFRFQT,0
P40939,FASNTSALPISEIAAVSKRPEKVIGMHYFSPVDKMQL,0
Q63HN8,TISQLFAPGDLPELGLEHRAEDGHEEAMETEASTSGE,0
Q9H2K0,KTKKNKTAFSNVGRKISQRVIHLFDEKGNDLGNMHRA,1
Q9P2N5,EDTTELRKKLSQLQVEAARLGILPVGRGKTMSSQGRG,0
P54277-4,ILKLIRHHYNLKCLKESTRLYPVFFLKIDVPTADVDV,0
Q8WZ75-2,VYTCEASNRLGTAVSRGARLSVAVLREDFQIQPRDMV,1
P52272-2,GGGGGSVPGIERMGPGIDRLGGAGMERMGAGLGHGMD,0
O43149,DIFSESKEGLDIHSSMILRFLHRNRLSSAVMPYPMLE,0
Q86VF2-5,NELGASKPSDTSQPWCIPRQRDRFTVKAPCYREPDLS,0
Q6ZMW3-2,FGLVKLFKFPCLKRGAKFRKYVGHSAHVTNVRWSHDF,1
Q9Y263,LSLISTILEVVQDLEATFRLLVALGTLISDDSNAVQL,0
Q96MM6,ALQELREQSPSLPEKDTVRWVLTVPAIWKQPAKQFMR,1
Q9C0B2-2,QKRAFEEEQKLRKQEIISRILKEEAEEEKRKKQHPPT,1
Q5VTR2,ADQVLTLKTQVDAQLQVVRKLEEKEHLLQSNIGTGEK,0
Q9NVU0-3,VKQITVRFSRPESEQARQRRVQSYEFLQKKHAEEPWV,1
Q12840,SLESELQRLQEVSGHQRKRIAEVLNGLMKDLSEFSVI,1
Q86YS7-5,RSYKLLDWNSFNSDEPETRDAWWAEIRQEIKSHAKAL,0
Q7LGA3-3,LFLENQIQKLEESRSKLERAIARHEVREIEQRHTMDG,1
Q99814,ELPLPHSVSSHLDKASIMRLAISFLRTHKLLSSVCSE,1
Q13094,RPLPQPALLPMSSNTFPSRSTKPSPMNPLPSSHMPGA,0
Q5VST9-5,ETPDDKTQAKLTVEMRQVRLVRGLQAVEAREQGTATM,1
Q9C0G6-4,MSVDLLPTPAKSHYVFNLRDLSKCVQDKHFGIAIDLE,0
P49454,SGSKYEDLKEKYNKEVEERKRLEAEVKALQAKKASQT,0
P15924,ISITEGIERGIVDSITGQRLLEAQACTGGIIHPTTGQ,1
Q96SD1-4,XMSSFEGQMAEYPTISIDRFDRENLRARAYFLSHCHK,0
Q2LD37-4,YGDKQPVTVGVQFSSDVSRSDENVLDSPKQRRSFGSF,0
O15047,EVVVAEAEEPKPQQLQQQREEGEEEGEEEGEEEEEES,0
Q6W2J9-3,VDASTAHRIDGLAALSMDRTGLIREGLRVPGNIVYSS,0
Q99459,EDEILKAAVMKYGKNQWSRIASLLHRKSAKQCKARWY,0
O94915,DQHSAAGRNGKPKVIAVTRSTSSTSSGSNSNALVPVS,1
Q8NCM8,FKDAKVLSRKLVAIFNLSRELLTPQQHYDWGLRALKT,0
Q5T200-2,GKDRGRDFERQREKRDKPRSTSPAGQHHSPISSRHHS,0
Q5TEJ8,VAKDTSHPTDPLTSFLGLRLEEKITEPFLVVSLDSEP,0
O60237,IKSKLEKVAQQKQEKTSDRSSVLEMEKRERRALERKM,0
Q6PJI9-2,SGRRFLYIVNLDAPFEGHRKISRQSKWDIGAVQWNPH,0
P63136,VKTFTLYLDQIATLIGQTRLRIIKLCGNDPDKIVVPL,0
O14830-2,LHGGVSDITDLELLDKIERSKIVSTMRCKTRQKSEKQ,0
Q9C0G6-4,LKKVEDSWKTTEFVILPHRDSKDVFILGGTDDIQVLL,1
Q8N3T6,ILRAETSFFLKEANQDLLRNSSLQARVESFFTYKTRQ,1
Q9H7Z3,NTEDARKVFDTALGMAGSRELKDSDLCELSLLYAELE,1
Q5VUY2,KLGICSMPKFIRFLHDSVRIKKDPELVVTDLRFGTIP,1
Q9P031,DRYPDNLKHLYLAEEERHRKQARKVDHPLSEQVHQPL,1
Q9H040,SVMPSQDVSGSEDTFPNKRPRLEDKTVFDNFFIKKEQ,0
Q93074-3,YTCTLISRGDLAFGAPGPRPPSPFDDPADDPEHKEAE,1
P15884-16,ARERLRVRDINEAFKELGRMVQLHLKSDKPQTKLLIL,1
P43243,ADGQSDENKDDYTIPDEYRIGPYQPNVPVGIDYVIPK,0
P16144-4,KQLLVEAIDVPAGTATLGRRLVNITIIKEQARDVVSF,0
Q14554,FPTLKYFKNGEKYAVPVLRTKKKFLEWMQNPEAPPPP,1
Q9UBQ7-2,EPSPLLPSGDFLPRGLLVRPQAELAGFHKPNNQLRNS,1
Q8IVL1-5,TDGVIATFNVDHKSSKELRQYLSNLADQCNSENNAVD,0
Q9P2D1,NIKSFIWDLITPTADGQTRALVNHSGLSAPVPRGRKG,0
Q14566,DPSTAKSQFLKHVEEFSPRAVYTSGKASSAAGLTAAV,0
Q6SJ96,XXXXXXXXXXMASAPWPERVPRLLAPRLPSYPPPPPT,1
P27708,MHPMPRVNEISVEVDSDPRAAYFRQAENGMYIRMALL,0
O14746-4,RSLLRSHYREVLPLATFVRRLGPQGWRLVQRGDPAAF,1
O75037-3,YSDLFRENAMLQKENGALRLRVKAMQEAIDAINNRVT,1
Q92541,ALVAESHNMKNQQMDPFTRRQCKPTIVSNSRDPAVQA,0
Q9H3E2,DDGTNQINEQASFAVNKLRELNEKLEYKRQALNSIQN,0
Q6R327-3,TSRERLVVESSTSSHMKIRSQSFNTDTTTSGISSMSS,0
Q8IZ21-3,SPRSPSPPLPTHIPPEPPRTPPFPAKTFQVVPEIEFP,1
Q8IWY8-4,EPGRPRSSVTVSVKGQEVRLEKMTPPKSSQELLSVRQ,1
Q5T011-5,EVLSVLPPGWQPDEPVVPRPFLLVPSTRVTFLAWQYR,0
Q96A00-2,QRRLDVEKWIDGRLEELYRGMGLLKSCGKPVEDFIQE,1
O95071-2,ISHDMLLGRWRLSLELFGRVFMEDVGAEPGSILTELG,0
Q9Y6R9-2,LPLPYQGKPDPVVLQGIIRSLKEELGRLQGLDGQNTR,1
Q8NGL6,MLNPLIYTLKNAEMKSAMRKLWSKKVSLAGKWLYHSX,1
O95202,LQSIGTNNFLRFQLTMRLRSIKADDKLIAEEGVDSLN,1
Q9H1B7,SASGVAKQMYQDCMKDFGRGLSSGFKYLEYEKKHGSG,0
Q8TBC4-2,ELYPPQVNFPMCTIASMPRLPEHCIEYVRMLQWPKEQ,0
Q96AP4,NSGGYKQQQLRNMEIEVNRGRMPPSEFHRRKADMMES,1
Q9C0B2-2,DARKNHKVAVRFLKASLGRIREQEKKEEMECHEYMRR,0
Q8N0U4-2,YPDGDRVLVAVCGVEGGVRGLDGLQVKYDEDLEEMAI,0
Q92547,NIANIIKENAGKIMSLLSRTVADYAVVPLLGCEVEAT,0
P50851-2,IRSFGQTPSQLLIEPHPPRGSAMQVSPLMFTDKAQQD,0
O75343,SQFVLKTRREMMPVAWQSRTTLKLQGQMIWMESMWCM,1
O94910-2,KSGETVINTANYHDTSPYRWGGKTDIDLAVDENGLWV,0
Q5JWR5,AQKTAMQCCLEYVQQFLTRLINLYIIQNNSFSQSLAT,0
Q8WZ75-2,HLGPGLYRYTSEDAILKHRMDHSDSQWLADTWRSTSG,0
Q13477-2,DTSLGAVQSDTGRSVLTVRNASLSAAGTRVCVGSCGG,1
Q96LQ0,KFFESFYTFCTYVAWIVFRRQHLTEIEEEVGRLFRTN,0
Q7L8C5,KELLGKDVSVKVTLKHQARKLKKKQTKRAKHKINPVW,1
Q9BYB0-3,AQQHHAASAGLASAAGPARPRYLFQRRSKLWGDPVES,0
Q86VF2-5,EMRSMDEAGYRKNLGAPERMDSGSKAGYRGGLRGSGE,1
Q8WZ42-3,EYKEEGKEEWEKGKDKEVRGTKLVVTGLKEGAFYKFR,0
Q4KWH8-3,LRRTTRSLQARPVSMPVDRNLLGALSLPVSETAKDIE,0
Q7Z3B3,CVAARTRPVLSCKKRRLVRPNSIVPLSKKVHRNSTIR,1
Q92736,GLYITEQPSEDDIKGQWDRLVINTQSFPNNYWDKFVK,0
P46939,KVQTSNFKDQKELSVSVRRLAILKEDMEMKRQTLDQL,1
Q9Y2D5-4,ASLLATQESDVMVGPFKLRSRKQRTLSMIEEEIRAAQ,0
Q8N6S5,GWRSALRRRGPGTPGPVARPSYSSFTQGDSWGEGEVD,1
P11277-3,RQHQASEEIREKLQQVMSRRKEMNEKWEARWERLRML,1
O95243-3,HTDILKRGSEMDNNCSPTRKDFTGEKIFQEDTIPRTQ,0
Q9NX01,KTKQDFIDLIEVIYRGAMRGKLIVQSPIDPKNIPKYD,1
Q15050,PTERVEEAIVARLPEPTTRLPREKPLPRPRPLTRWQQ,1
O94915,RQLLEAENEKDSDTLKDIRCHFSALVANIIQNVPVHQ,0
Q8N142-2,PHLPSACGGPTRVTLGEERAWRSHGSNAGGHTCLPRR,1
Q9BST9-3,RLATKLSSSLGRSSGRRVRASLDSAGGSGSSPILLPT,1
Q9Y4W6,DRMCMTLGGRVSEEIFFGRITTGAQDDLRKVTQSAYA,1
Q9NRD8,CGPPGMTKNVEKACQLVNRQDRAHFMHHYENFXXXXX,0
P02675,NSNIPTNLRVLRSILENLRSKIQKLESDVSAQMEYCR,1
O95359-2,AAHQASLRKEQLRVDALERTLEQKNKEIEELTKICDE,1
Q5JWR5,ASEEQLLLVELVRSISVMRAETVIQTVKEVLKQPPAI,1
Q9UQ35,SDRSRSATPPATRNHSGSRTPPVALNSSRMSCFSRPS,1
Q9NQT8,EYKVTLQIPASSLDANRKRGSLLSEPAIQVRRKGKGK,1
Q8TDW7,IAVVLFVIFILVVLFIVFRKKVFRKNYSRNNITLVQD,0
Q14315-2,GNHIPGSPLQFYVDAINSRHVSAYGPGLSHGMVNKPA,0
P83369,PSSLQASAREESRSELSGRTTRTDGSSVGGTFSRATT,1
Q9BQ39,GAFSNFPISEETIKLLKGRGVTYLFPIQVKTFGPVYE,1
Q8NCM2-2,NNVRDFLKLYQVPKGLSERVMDYIVSTWSMSKGIDTE,1
Q03001,SRPGSRAGSKAGSRASSRRGSDASDFDISEIQSVCSD,1
O95568,SAASSSRNLEPHGKQPSLRAAKEHAMPKDLKKMLENK,1
Q96RW7-2,QPLPANGGKPCQGSDLEMRNCQNKPCPVDGSWSEWSL,0
Q9C0E4,IVKTPGSALGISLTTTSLRNKSVITIDRIKPASVVDR,0
P34925,DQASEIQVTMMLTESCKLRGLHHRNLLPITHVCIEEG,0
Q96PQ5,FEMRRTLHYNEGLNIKLARQLISKDLHDDDKVEEMLE,1
A7MD48,PPSSRGKKKKKKSTRKKRRRSSSYSPSPVKKKKKKSS,1
Q9NU22,IPEVMLDFIDWLTHQEFGRKCVVSIRDILSWVNFMNK,0
Q6QEF8-5,GSLLATTCKDKTLRIIDPRKGQVVAERFAAHEGMRPM,1
Q13162,DSGHTLRGLFIIDDKGILRQITLNDLPVGRSVDETLR,1
P30559,AEAPEGAAAGDGGRVALARVSSVKLISKAKIRTVKMT,1
P35221-3,IALQEKDVDGLDRTAGAIRGRAARVIHVVTSEMDNYE,1
A7E2Y1,KAKLRLQTESEDVTLELERATSAAAALDKKQRHLERA,0
P46199,KSKKVVEVWIGMTIEELARAMEKNTDYVYEALLNTDI,1
P12882,VNLSKFRRIQHELEEAEERADIAESQVNKLRVKSREV,0
Q96LQ0,KKAINMRSPVMSTLLPSLREKAQNVFEKKYHQVDVRF,1
Q9Y251-3,TLKMVDDQTLPPLMEKPLRPGSSLGLPAFSYSFFVIR,1
P38432,ESARLVRDNDCLRVKLEERGVAENSVVISNGDINLSL,1
Q9NVP4-2,ALQLQPQASLHLKEKVICRACGTGNPAHLRYCVTCEG,0
Q96QS6,ARYDIKALIGTGSFSRVVRVEQKTTKKPFAIKVMETR,1
Q13501-2,ATQSLAEQMRKIALESEGRPEEQMESDNCSGGDDDWT,1
Q6PCB7-2,GNIIGVGQCLIYGLTVVLRKKFSASRFWDDCIKYNCT,0
Q3V5L5-5,PFTIRTEVMGGPESRGVLRKMSDLLELMVKRMDALAR,1
Q9P225-2,QGMLRANKDFHDTKSSITRLWIHECFRVFSDRLVDAA,1
Q5T013-3,PYAETPEALARAAREAGLRLVLINTPPGDQEKGEMGL,1
Q6ZN18-3,DPNIYRTMPQKRLKRTLIRKVFNLYLSKQXXXXXXXX,1
Q13618-3,HRVKIQTVAAKQGESDPERKETRQKVDDDRKHEIEAA,0
Q8N5S9,EEHCSVVEVTEEEVKNSVRLIPSWTTVILVKSMLRKR,1
Q8WUZ0,GSLQKGTEPSPGGTPQPSRPVSPAGPPEGVPEEAQPP,1
O43795-2,STHKELKRIFHLWRCKKYRDQFTDQQKLIYEEKLEAS,0
Q9BX26,TPSKRKMSEASMIVSGADRYTMRSPVLFSNTSIPPRR,0
Q32M84,NTHKARLERRVTGSTNRWRLPKQPFSGDLLSLSQMCK,1
P61073,YTEEMGSGDYDSMKEPCFREENANFNKIFLPTIYSII,0
Q6PIF6-2,RFGVLLPNAMRMQLQGKLRQMTLGITDVWLRTDKDWK,1
Q92616,QILTVQAQLRASPNTPPGRVDENGPELLPRVAMLRLL,1
P30419-2,KFSHLSRNMTMQRTMKLYRLPETPKTAGLRPMETKDI,1
Q9BSH5,QVLDGAEDTLRECRTRGLRLAVISNFDRRLEGILGGL,1
Q9NXL9-4,NLQKLCKERAQKLCRNSTRVPAQCTVPSHPQSTPVHS,1
Q9Y6Y1-2,LQACSSEHYLQPETNGVIRSAGGVPILPGNVVQGLYP,0
Q12986-3,SDTAGLESSTRSESGTDLREHSPSESEKEVVGADPRG,1
O14795-2,RQYQLKQELPPEEQGPSIRNLDFWPKLITLIVSIIEE,0
O15078,NEQLALRNEEAENENSKLRRENKRLKKKNEQLCQDII,0
Q9P225-2,GSFPNKDTVYEYFVDPKIRSWTSFEDKLPKSWRYPPN,1
Q9NXH8,AAQDCREELARRVADVVARAEAEEKTPLLVLDDVELM,1
Q8TEX9,KAGLLVLAVLSDGAGDHIRQRLLPPLLQIVCKGLEDP,1
Q8WWI1-3,EMLQDRESQNQKSTVPSRRRMYSFDDVLEEGKRPPTM,1
A4QMS7,IPPRRLDPKEHSYYYRPARTGIISLYDCIFKRRLDYD,1
O95071-2,LPNSRGEHLLLFLVQTVARQTVEHCQYRPPRIREDRN,0
P15918-2,LRTFKFIFRGTGYDEKLVREVEGLEASGSVYICTLCD,0
Q6ZN11-2,EDIWRVNIQRKRRQDMLLRPGAAISKKTLPKEKSCEY,1
Q6PJI9-2,TWSRDQTLRMWRVDSQMQRLCANDILDGVDEFIESIS,1
P48643,KMIIEEAKRSLHDALCVIRNLIRDNRVVYGGGAAEIS,1
A7E2V4-5,VECWDGHLTPPEVASLADRASRARDSNMVRAAAELAL,0
Q01955,GTVPLYSGFSFLFVQGNQRAHGQDLGTLGSCLQRFTT,0
Q495B1-1,TAGENPSKALFEGLVAIGRRDLAENIRKKANAAPSAP,0
P54098,MARACLQKLKGTTELLPKRPQHLPGHPGWYRKLCPRL,0
P37059,KPVQIKDAYSKVAAMLQDRGLWAVINNAGVLGFPTDG,0
Q9BTC0,NLHSAGRSSSPAGETEGDREPQARPGEGTAPLPPPGQ,1
Q9H4G0-3,XXXXMEEKDYSEADGLSERTTPSKAQKSPQKIAKKYK,0
Q9C0B5-2,ASLQEREKLLRQSPPLPGREEEPGLGDSGIQSTPGSG,1
Q92793-2,IATSLSNQVRSPAPVQSPRPQSQPPHSSPSPRIQPQP,1
P12270,NQELSSNIVEVVQSSPVERPSTSTAVFGTVSATPSSS,0
Q96N23-2,KKPKIKISGSPLTLKPPLRRSSSVKETSANKFEMYSS,1
Q14554,CKKVIPHFTATADAFKDDRKIACAAVDCVKDKNQDLC,0
Q96GQ7,RKKFMKDAKKKGEMTAEERSQFEILKAQMFAERLAKR,1
Q96N23-2,HCYKMEDIDIVVVAEVTLRLSEILESLGSPGRKFKQS,0
Q86YW9-4,FLPQATGKPFPGIRSSCDRHLLAAAHNSIEVGAVFAV,0
O60229-2,GVTEHVEGDPCKFALWSGRTPSSDNKTVLKASNIETK,1
P52630-4,LEQLETWFTAGAKLLFHLRQLLKELKGLSCLVSYQDD,0
Q6SPF0,VQGLLEEEAAARGRLERTRLGALALPRGDRPGRAPPA,1
Q8TBC4-2,ASLQMKSPAITATLEGKNRTLYLQSVTSIEERTRPNL,1
Q86YT6,CTNYDLCTVCYHGDKHHLRHRFYRITTPGSERVLLES,0
Q02224-3,DSKLTRILQNSLGGNAKTRIICTITPVSFDETLTALQ,0
Q9BZ29-3,KEYIYKEPKLTPLSEISQRLLKLYSDKFGSENVKMIQ,1
Q9BY89,TAESSEAKPEVRRRTFQARPLSADLTKLFSSSASSNE,1
O95817,RFRTEAAAAAPQRSQSPLRGMPETTQPDKQCGQVAAA,1
Q6KC79-2,PKQKNEGRPETPKHRHDNRRDSGKPSTEKKPEVSKHK,0
Q9Y2F5,ETYFGEYTDSSDNDSVQLRNSAECVSEDDTTESQNYF,0
P46939,YLTSLFEVLPQQVTIDAIREVETLPRKYKKECEEEAI,0
Q92616,KSSGSAALLALTWTCLLVRIVFPSRAKRQGDIWNKLV,0
Q86VF2-5,GSSVGTGQDLDSGSMPGGRGKSTSGPADRQGTSNAWA,0
O95243-3,TSTHLLLKEDEGVDDVNFRKVRKPKGKVTILKGIPIK,0
Q8WXG9,FVLHLSGVQSSAPGGAQLRSGFIVAEIEPMGVFQFST,0
Q96RV3-4,IEMSEFIREATPPVGCSSRNSYAGLDPSNQIGSGSSR,0
Q9BRQ6,RSGSSGGQQPSGMKEGVKRYEQEHAAIQDKLFQVAKR,1
Q9H607,ALLGAKKPIGAIPKGHKPRPHPVPDYELKYPPVSSER,1
P11277-3,TIILRFQIQDIVVQTQEGRETRSAKDALLLWCQMKTA,0
O94910-2,ESEHQSGAWCKDPLQAGDRIYVMPWIPYRTDTLTEYA,0
P16070-11,IYPSNPTDDDVSSGSSSERSSTSGGYIFYTFSTVHPI,0
O75369-8,PNACRASGRGLQPKGVRIRETTDFKVDTKAAGSGELG,1
Q7LGA3-3,LHINTTKNNPVMSLQDQVRFVKNITSWKEMKPGFYHG,0
Q14573,QHTKDLMESEEKLCIKVLRTLQQMLLKKTKYGDRGNQ,1
Q76B58,LTLGNKWKTFFETVHIYLRSRIKSNGPNGNESIYYEP,0
Q9BWN1,PGQPRLCRQPLTRALWGARSPKRPRLQLPGAPSPLEK,0
A7E2Y1,NKVKNLTEEMAALDESVARLTKEKKALQEAHQQALGD,0
O14920-4,TVDYWSFGTLAFECITGFRPFLPNWQPVQWHSKVRQK,0
Q9NXH8,PLLLALHGPSGVGKSHVGRLLARHFRSVLEDSALVLQ,0
P27708,GAGGRRLSSFVTKGYRTRRLAADFSVPLIIDIKCTKL,1
Q9NS56-2,LTRERNASVYSPSGPVNRRTTTPPDSGVLFEGLGIST,0
Q4G0N4-2,LLPVRALNEVFIGESLSSRSFNINRVATQAVEDVLNI,0
Q8TDJ6-2,TLGLKTEKNFVDKINLIERKLFFTTANAHFKVGCPVL,1
Q96B54,RRAPRAAQPPAQPCQLCGRSPLGEAPPGTPPCRLCCP,1
Q96KG9-5,PKTLVPHYCELVGANPKVRPNPARFLQNCRAPGGFMS,1
Q96JQ0,RDGGAHPELGSAFVTVHVRDANDNQPSMTVIFLSADG,0
P40939,LGTPEVLLGALPGAGGTQRLPKMVGVPAALDMMLTGR,1
Q9UPX0,LESPLSSGKVSPESIRTLRAPSESSDDQGQPAAKRML,0
P28827,HTMASDTSSLVQSHTYKKREPADVPYQTGQLHPAIRV,0
Q5HYC2-2,SGVFESIMVQVLRQEEQLRAKEEKRLREQERKEAEEA,1
O95198-3,HLLPTEQRILMKSVRTRLRTPMNLPKLMVVVGGQAPK,1
Q12840,XXXXMAETNNECSIKVLCRFRPLNQAEILRGDKFIPI,0
P48730-2,GKKGNLVYIIDFGLAKKYRDARTHQHIPYRENKNLTG,0
Q14626-2,TRYLTSYRKKTVLGADSQRRSPSTGPWPCPQDPLGAA,1
Q8TAD8,PSCSKQHAVFQYRLVEYTRADGTVGRRVKPYIIDLGS,1
Q02156,RPQTFLLDPYIALNVDDSRIGQTATKQKTNSPAWHDE,0
Q2TAC2-2,LALRKLGDRVQLLNLLVTRLRQKVLREPLEPAALQRE,1
P15822,LEAQCHDQEKSEKFSWPQRSETLSKLPTEKLPPKKKR,1
Q9NT68-2,FDYSDDGRILKTSFLGTGRQVFYKYGKLSKLSEIVYD,1
O60469-2,CGTWYKFTLTAQNGVGPGRISEIIEAKTLGKEPQFSK,0
Q9C0D0-2,TKLTRRLSQRPTAEELEQRNILKRKXXXXXXXXXXXX,1
O60293-2,QKIWMDYLVFANNRAAGSRNKVQEFKFFTDLVNRCLV,0
Q5JWR5,QSAFYSALWGSLLTSPAVRLPGITYVLAHLNRKLSME,0
Q9H251-4,GDPLGEFVISPVEGVLRVRKDVELDRETIAFYNLTIC,0
P63136,DKIQTSTPFHYLGMQIENRKIKPQKIEIRKDTLKALN,0
P0C6A0,GRRLQPPGTPSAPPQRRPRKQLNPCRGTERVDPGFEG,0
Q92736,MSAGFCPDHKAAMVLFLDRVYGIEVQDFLLHLLEVGF,0
A5D8V7-2,LKLLDLLKGDEKVVQAVIREWKWEKPYLKNRTGQALE,1
P61163,AQYYLPDGSTIEIGPSRFRAPELLFRPDLIGEESEGI,0
Q13425-2,RMPILISKIFPGLAADQSRALRLGDAILSVNGTDLRQ,0
Q8IVL1-5,TSRSATLGKIPKSSALVSRSAGRKSSMDGAQNQDDGY,1
P16144-4,KKVLVDNPKNRMLLIENLRESQPYRYTVKARNGAGWG,1
Q709F0-3,WWSSGAGNPKCKIAIVLGRTQNTSLSRHKQHSMILVP,1
Q9H2D6-4,RHRSTLTQASSMTPHSGPRSTTSQASPAQRDTAQAAS,0
Q9UHQ9,HPPKDWAYSKGFVTADMIREHLPAPGDDVLVLLCGPP,0
Q86VF2-5,VVETVGMGCVEAEPESSGRIRPWGQTGNYGGFRASEA,0
O95248,SSSLEQEKYLQAVVSSMPRYADASGRNTLSGFSSAHM,0
Q96GX5-2,ASNPGMPVKCLTSNLLQSRKRLATSSASSQSHTFISS,1
Q9UHQ9,RSRRPQVTLLDPNEKYLLRLLDKTTVSHNTKRFRFAL,1
P12694,AMTYRIGHHSTSDDSSAYRSVDEVNYWDKQDHPISRL,1
Q9Y485,QFFLESIAHNITWDPTGSRLLTGSSYLQLWSNTNLEK,0
O14647-2,RIADVKKMWEEYPDVYGVRRSNRSRQEPSRFNIKEEA,0
Q08211,PEMFRTPLHEIALSIKLLRLGGIGQFLAKAIEPPPLD,0
Q96B36,EARSSDEENGPPSSPDLDRIAASMRALVLREAEDTQV,1
O15287,GAQKVAISEFSRCLELLFRATPEEKEQGAAFNCEQGC,1
O95425-2,VPRSPKHAHSSSLQQAASRSPSFGDPQLSPEARPRCT,1
Q8NDI1-3,DEPEAFVTIKDSPPQSTKRKNIRPVDMSKYLYADSSK,1
Q9BYB0-3,LQYLESVDVEGVAWRAGLRTGDFLIEVNGVNVVKVGH,1
Q13425-2,PPAPPRGPAGEAGASPPVRRVRVVKQEAGGLGISIKG,1
Q96L92-2,PRLPGKWPFSLSEQQLDARRRGLEEYLEKVCSIRVIG,1
C9J069,PRRYAALSLSETSLTEKGRAGEGLGRNWYVTPEITIT,0
Q8NF50-4,YRRNTVLTTMHAFPYIKTRISVIQKEEFVLTPIEVAI,0
Q9Y2F5,PVIRSHVYVGNISKKPVMRDQEKEVVYEFSTTKKHLA,1
Q68DK2-4,NPQRVAWVWLLVLEKWLAREKKLLPVVFRRKLEFLLL,0
Q7Z7G0,DRILDSIPPKTSRTLEQPRATLAPSETPFVPQKLEIF,1
Q9Y4B4,RGHKRKLATPPAAQESSRRRSRKGHLPAPVQPYEHGY,1
Q8N485,MKERDSPGIVSQELRMALRQLEEARKAGQELRFYKEK,1
Q2TAC2-2,VKSAWDAQIAQLSKEMVSRDLQIQTLQEEEVKLKAQV,0
Q5T200-2,TKERTPESEEENVEWETNRDDSDNGDINYDYVHELSL,0
Q71F56,PILLSFIRCLQANLLCVWRRDVKPDCKELWIFWWGDE,1
Q8TC29,ECIYNLIPSDLKEPPQPPRYISIFKATVKDDMQKAKT,1
O15350-10,RRPQPRQFFNRIGVSKLHRVFHLPRVTEHLPPAEPDH,1
Q8TE73,DLKFALTAETKAWMVVIGRHCNKKYRSEMENIFMLIE,0
Q8TAQ2-2,EFSKMKEEVPTALVEAHVRKVEEAAKVTGKADPAFGL,1
P50851-2,SEQKIAKLDVSNVATDTERLELKASPNVEAPQPHRHV,1
Q9P2V4,AVFGQHSMRRVIVQPGKTRVTITGLLPKTKYVACVCV,1
Q86YV0-2,FSSWREACKERGSEVLGPRLVCASLFLRLLCPAILAP,1
Q8NCM8,ISQLRILGRSITAGSKFDREIWSNELSPVLNLWKKLN,0
Q9UKN5,IHTQERQIKCPKCDKLFLRTNHLKKHLNSHEGKRDYV,1
P43243,PRDDWEEKRHFRRDSFDDRGPSLNPVLDYDHGSRSQE,1
O95622-2,VREVTGVNVNMRVGIHSGRVHCGVLGLRKWQFDVWSN,1
Q2M3D2,LGRLPLSRLARPSLACLPRPRPPSLARPRAQRXXXXX,1
Q9Y2H9,ARAVAKAALSPVQEHETGRRSSSGEAGTPLVPIVVEP,0
P08F94-2,SRNISNIAGGETLVIGVARLMNYTDLDVEVHVQDALA,0
Q6PKG0-3,GEIAHKSVQPQSHKPQPTRKLPPKKDMKEQEKGEGSD,1
P12111-4,QHPYVLTEDTLKVYLNKFRQSSPDSVKVVIHFTDGAD,0
O95153-2,EECPPASPSTYWATFCHLRPGTPYQAQVEAQLPPQGP,0
Q9NT68-2,QARQRALGTAWAKEQQKARDGREGSRLWTEGEKQQLL,0
Q6KC79-2,DIISSPSKDSTKLTLRLSRVRSSDMDQQEDMISGVEN,1
Q9NRD8,RGDVVLPFQRSRWDPETGRSPSNPRDLANQVTGWLDG,1
Q9UKR8,FTLSGSSLGAAVIQRWGSRYVAQAGLELLAXXXXXXX,1
Q86VF2-5,GSGETGPEGKMGYGDGSGRLGVPGSLAGIGHEAGPRG,0
Q05682-5,RLARREERRQKRLQEALERQKEFDPTITDASLSLPSR,1
Q01813-2,XMCGYERCRPCRGAHGYLRGGQGVLHLRGLPGHGGRR,1
P53801,IAICCCCCCRRKRSRKPDRSEEKAMREREERRIRQEE,1
Q86YS7-5,IMPGINNWTSEIQMFTSVRVIRLSSLNLTNQALNKNF,0
O60841,PIVTQIRGLLLPPPMKELRVKNQYEKHKEVEAAQGVK,0
Q14839,EHEGYKYERIDGGITGNMRQEAIDRFNAPGAQQFCFL,0
Q8WVB6-3,PELPARKPLTYQTKQLIAREIEVEKMRRAEASARVEN,1
A2RRL7-4,LWKFCTVLCFWESRRSSSRIALMREAEEWPGWRSSVE,1
Q13085-3,KMVMTLTAVESGCIHYVKRPGAALDPGCVLAKMQLDN,0
P16144-4,GEGRYEGQFCEYDNFQCPRTSGFLCNDRGRCSMGQCV,0
Q6ZWJ8-4,VCDGCEYQGHQYQSQETFRLQERGLCVRCSCQAGEVS,0
O60716-24,DYGTARRTGTPSDPRRRLRSYEDMIGEEVPSDQYYWA,1
P52272-2,EESMKKAAEVLNKHSLSGRPLKVKEDPDGEHARRAMQ,1
O43149,VSVFVSPGATYFEVEFDDRCETEKRYDYLEFTDARGR,0
A7E2Y1,QLEEKLKKKDSELSQLSLRVEDEQLLGAQMQKKIKEL,0
Q96B36,PPAPPPAPQPPSPTPSPPRPTLAREDNEEDEDEPTET,1
Q9UHB7-3,TSQSQKRSSGLQSGHSSQRTSAGSSSGTNSSGQRHDR,1
Q96RL1-4,SEHKTSDADIKSSETGAFRVPSPGMEEAGCSREMQSS,1
P21333-2,IEPTGNMVKKRAEFTVETRSAGQGEVLVYVEDPAGHQ,0
Q562E7-4,LDWVHGRISNFHYLMQLNRLAGRRQGDPNYHPVLPWV,1
Q92752-2,RTTFRLQPPLSQYSVQALRPGSRYEVSVSAVRGTNES,1
P16070-11,DEDSPWITDSTDRIPATNRNDVTGGRRDPNHSEGSTT,1
Q8TD57-2,NSTLFLWPDQIEDIFDNSRNLLLHKRDQAEMDLIKRY,0
Q9P225-2,KKLLGEKRQELLAQANKLRTGLFKIDETREKVQVMSL,1
Q9Y6Y1-2,ACALGHLEAAVVLYKWDRRAISIPDSLGRLPLGIARS,1
Q9NRC6,LIQALDCGKDLESVQRLLRKHEELEREVHPIQAQVES,1
Q9H706-2,PYEELWLEEGKPSHQPLTRSLSEKNRCDQFRGSVRSK,1
O00231,FLRQALEARLVSLYFDTKRYQEALHLGSQLLRELKKM,1
Q63HN8,MLTSSGASFTYVKEIEVWRRLVEIQFPAEHGWKESLL,0
P08F94-2,GYNNTIPGPGDDVLILPNRTVLVDTDLPFFKGLYVMG,0
Q03001,KADQLVERWQNVHVQIDNRLRDLEGIGKSLKYYRDTY,0
Q9Y3E7-2,KAHMNSVLMGMKNQLAVLRVAGSLQKSTEVMKAMQSL,1
Q9H6A9,PTVLWSLIRSKLFPELEERSLETARAEPPDPLPDKMR,1
P12111-4,DGSQSAGPEFQYVRTLIERLVDYLDVGFDTTRVAVIQ,0
Q562E7-4,FSPAKLTNSQAKVLFILFRVLRAMDACHRQGLACGAL,0
Q9UQ35,SKEKMALPPQEDATASPPRQKDKFSPFPVQDRPESSL,0
O75150-3,NKRAAGDGGSGPPEKKLSREEKTTTTLIEPIRLGGIS,1
A7MD48,RSYSRSRSRSRSRRRSRTRTSSSSSSRSPSPGSRSRS,1
Q2M2H8,MNSNAMEVTLQPAPAITYRTIGGILDFYVFLGNTPEQ,0
O75494-6,XXXXMSRYLRPPNTSLFVRNVADDTRSEDLRREFGRY,0
Q16478,RSRRRRRPGGPSRALLSLRAVREMRLSNGKLYSAGAG,1
Q8WZ42-3,AVNNLGTASKEMRLNVLGRPGPPVGPIKFESVSADQM,0
Q92736,IAVHYVLEESSGYMEPTLRILAILHTVISFFCIIGYY,0
Q6NUP7,TLKIPADKHLLQQLEMCVRKLLCQEKDKDVLAIVKRT,1
O60861-2,ASRYASVEKARKALTERQRDLEMKTQQLEIKLSNKTE,1
Q9H7Z3,PLLWRMYLNFLVSLGNKERSKGVFYKALQNCPWAKVL,0
Q2V2M9-2,INRNETIQWLYTLIGSKFRLVVKTALKLLLVFVEYSE,1
P09619,EEKFEIRPPFSQLVLLLERLLGEGYKKKYQQVDEEFL,1
Q9Y5N6,GLAEPDMLRKAEEYLRLSRVKCVGLSARTTETSSAVM,1
Q13976-3,XXXXMEKQNMFLHGSYILREDVRTANVIAAEAVTCLV,1
Q7Z403-2,RSSRPLLGNFVRSAWPSLRLYDLELDPTALEEEEKQS,1
Q8N4H5-3,SGELTDGHPLTLRGHRGLRTELNAPFILKKLDSIXXX,1
Q9P2D1,PNTSTLTTRLRRLITAYQRSYKRQQMRQEALMKTDRR,1
Q14C86-4,VRRPMSDPSWNRRPGNEERELPPAAAIGATSLVAAPH,0
Q9NX01,KKEVDQAIKSTAEKVLVLRFGRDEDPVCLQLDDILSK,0
Q5CZC0-2,KGKSSVTALDENPCTFQSRFSVADKETKVNLAEDIVQ,0
Q9P2V4,IVIALPLTLLVCCSALQKRCRKCFNKDSTEATVTYVN,0
Q5VVW2-4,EGGPKSEGAPKAKSKPRKRLEESQGGPKPGAVRSSSS,1
Q9NU22,DETYILTSSVKLNLRDIVRVVSAGTYPVLIQGETSVG,1
Q8N5C7-2,KIFTDERLQGLLQVELKTRKTCFWRHQKGKPDTFLST,1
Q9NYF0-2,GAGAAAPRAGELLGEAAQRSRLEEKFLEENILLLRKQ,1
Q9BYD2,VENVGVRGDLVSVKKSLGRNRLLPQGLAVYASPENKK,0
O00445-2,LGWEWGTRVLECLCRKDSRTPPPCSRSPQPRGLHRPT,1
O94910-2,ARPTPLTSTASPAATTPLRRAPLTTHPVGAINQLGPD,0
P54855,ACVATVIFIITKFCLFCFRKLAKKGKKKKRDXXXXXX,0
O14746-4,GNHAQCPYGVLLKTHCPLRAAVTPAAGVCAREKPQGS,0
Q13501-2,GHFGWPGWEMGPPGNWSPRPPRAGEARPGPTAESASG,0
Q8NE31-2,SSSGEETPDAALTCLKERREQLPPQEDSKVTKQDKNL,1
Q13255-2,LSSAMCYSALVTKTNRIARILAGSKKKICTRKPRFMS,1
Q8N3T6,SSPVEREEGALRRATTTARSLLDNKVVKNSRADGGRL,1
Q9Y6T7-2,YSIINNYFSIGVDASIAHRFHIMREKHPEKFNSRMKN,0
Q4LE39-3,NETEIKEIKMEEERNIIPREEKPIEDEIERKENIKPS,0
Q8WXA9,PPEMTPQAAAKELEEVMKRVREAQSFISAAIEPESGK,1
Q4G0X9-3,MDRKALTRTDFHHKQLELRRKIRDVRKATDECTKTVL,0
P24043,RPEPNLFHDGREHSVHVERTRGIFTVQVDENRRYMQN,0
Q12774,DPVCQRLSLKSFLILPFQRITRLKLLLQNILKRTQPG,1
Q96RV3-4,DGTNEYKIIMLNRRYLSFRVIKVNKECVRGLWAGQQQ,1
Q92609,VNNNYLATIRQKGINGQLRSSRFRSICWKLFLCVLPQ,1
A7E2V4-5,EDIRLYSCLANGSADEFQRGDQLFRMRAVKDPLQIGF,0
P80192,KHEIQEMFDQLRAKEKELRTWEEELTRAALQQKNQEE,1
Q2M1Z3,QGLQGHQLEKRLSHRPSLRQSHSLDSKPTVKSQWTLE,1
P0C6A0,PLWRDAEDGTPLCNACGIRYKKYGTRCSSCWLVPRKN,0
P83436,QDTSQSMQVLVEIDQVKSRMQLAAESLQEADKWSTLS,0
Q6UXB3,TIATCTTNETMCKTTLYSREIVYPFQGDSTVTKSCAS,1
Q8IZ69-2,KACCPLEGVRPSPQQTEYRNKCEFLVGVGVDGEDNTV,0
Q9H251-4,LFKIDAITGVITVQGLVDREKGDFYTLTVVADDGGPK,1
P46939,AKWDRINRMYSDRKGCFDRAMEEWRQFHCDLNDLTQW,0
P49761-3,VMMEKILGPIPSHMIHRTRKQKYFYKGGLVWDENSSD,1
Q5JWR5,IFSSEIDQYQKYLPDIQERLVESLRLPQVPTLHSQVF,0
P49588,WEMGDTGPCGPCSEIHYDRIGGRDAAHLVNQDDPNVL,0
O94915,LPKHCSTAVSYAWMFAYTRLQLLSPQVDINSPINAKK,0
Q8WXG9,FIHAYQVKPQWKAYDDVFRGRTNAAEIPLILYLFALI,0
Q96QU1-4,VVETYTGLIKTAMLFHNMRRSYFKFQVIATDDYGKGL,0
Q9P2G4,EKRELYRKRQSQMLGTKFRIPSSKVKLLSSAEQSQKP,1
P37059,LASYGSSKAAVTMFSSVMRLELSKWGIKVASIQPGGF,1
Q9H6A9,SLPSFCAVHLEWIQYCASRRSQPVDQDWNSPLVTLCF,0
Q9H583,IHHVTGEETEGMDGQIYKRHLEAILTKISLKNNLDHL,0
P32019-3,TSICVVNSHLAAHIEEYERRNQDYKDICSRMQFCQPD,0
Q9BSV6,GVGGRTVGALPRGPRQNSRLGLPLLLMPEEARLLAEI,1
O95347-2,KKMDSGYRKDQEALEAVKRLKEKLEAEMKKLNYEENK,1
Q6KC79-2,AEISSDEDNDSDEAFESSRKRHKKDDDKAWEYEERDR,0
Q96JM2-2,RALKCRQCSYTSPYFYALRKHIKKDHPALKATVTSIM,0
Q15637-4,LTRKLRTGDLGIPPNPEDRSPSPEPIYNSEGKRLNTR,1
Q68D86-2,LTHANNRVDQNEAEVKKLRLRVEELKQGLNQKEDEVL,0
P40238-2,FPLHLWVKNVFLNQTRTQRVLFVDSVGLPAPPSIIKA,1
A4UGR9-2,ISEEEKGNVNLTKTQLLNRSTEFHAEKEEIVKGDVQQ,0
Q8NCG5,YMEPGPRRQSSLFQWENSRALCSAPACDIIPQDEIIP,0
Q9C0F0,PELASTEMIKVKNHSVLQRTEKKVLPSPLELSVFSEG,1
Q8TD57-2,SEPIIVFNPSFDGCWELIRDSFLEIIKNSNGIPKVES,1
P54277-4,HSFTSLSTPERSFIFINSRPVHQKDILKLIRHHYNLK,1
O15287,VAALKEGSAWGPPLLEASRLYQQLGDTTAELESLELL,0
Q5VT25,VLASDVIHASRKDIPCIFRVTASQLSASNNKCSILML,0
Q9C0B5-2,FVLANFSMATFMDPGIFPRAEEDEDKEDDFRAPLYKT,0
Q9GZM7-3,DCALPYLGAICYCDLFCNRTVSDCCPDFWDFCLGVPP,0
Q99999,PLGTKSILGYNLKKSIGQRHAQLCRRMLTPEIQYLMD,1
Q5VWG9,PKSPKSPKVTTHIPQTPVRPETPNRTPSATLSEKISK,1
O60336-4,QAHAPIRVSPLSKLALPSRAHLVLDIPKPLPDRPTLA,1
Q8TD57,PTLEKICEEVIVPESTNARFRLWLTSYPSEKFPVSIL,0
Q9H2D6-4,NSSPHRTNKDIPWASFPLRPTQSDGPRTSSPSRSKQS,1
Q9H4H8-2,SLRNLNKERQFHFAGIRSRLNHMLAMLSRRTLFTENH,1
Q96KG9-3,EYQQKIIPVVVKMFSSTDRAMRIRLLQQMEQFIQYLD,1
Q9UJ04,KEYERRSSGRVVSLSTPIRWHRGQDPQAHIHRNREGN,1
O94915,GDRRGDRRRSNTLDIMDGRINHSSSLARTRSLSSLRE,0
Q8WXX0-4,PSTSKSKGKSPHKERENFRSTLVNVIMQQDADLDSAV,1
P13929-3,MQEFMILPVGASSFKEAMRIGAEVYHHLKGVIKAKYG,1
P09619,NVLICEGKLVKICDFGLARDIMRDSNYISKGSTFLPL,0
P13861-2,ESEEDEDLEVPVPSRFNRRVSVCAETYNPDEEEEDTD,1
Q01085-2,TRKPPAPKSTQENNTKQLRFEDVVNQSSPKNCTVYCG,0
P32418-2,EKEITIKKPNGETTKTTVRIWNETVSNLTLMALGSSA,0
Q13332-6,SEDRYTASGVHKGATYVFRLAARSRGGLGEEAAEVLS,1
Q9UJA3-3,ALFGGSQKYADDKNRIPIRGDPHILVVGDPGLGKSQM,1
Q9Y6T7-2,PHSSPMVKSKPALLSGGLRMNKGAITPPRTTSPANTC,1
Q8NCG5,ALNVSQAWRWSLPYEKVSRLQKACGDAMNLLGYRHVR,1
Q4G0N4-2,RVVVVAKTTRYEFEQQRYRYAELSEEDLKQLLALKGS,1
Q9NW81-2,ASLRLVAPMWNGRIRGIHRLGAAVAPEGNQKKKRTIL,1
Q2NKX8,KNDLIIWIRLVPLQEEIYRKFVSLDHIKELLMETRSP,1
Q2KHT3-2,VQRSVFASVDKVPGEPAPRPAPQLVHHGGRSRSFSLW,1
Q9H251-9,KKGRVNFAQTELLIHVVNRDTNRILDVDRVIQMIDEN,1
O95837,KEKVIYSHFTCATDTDNIRFVFAAVKDTILQLNLREF,0
Q9HDB5-3,VDNWPVNEHYPTGNTDNERFQMVKQKIPFKYNRPVEE,0
Q96Q42-3,WTWGKGKEGQLGHGDVLPRLQPLCVKCLDGKEVIHLE,1
Q8N1F8,NLLEGHRELSPLWLLAELRKLYLEGNPLWFHPEHRAA,0
Q8IWY9-1,WDLLLFLLRELVEKGLMGRMEIEACLGSLHQAQWPGD,0
Q9C0F0,ESRASTSTSVSGGRNTGARTLADIKARAQQARAQREA,1
Q14191,WKAFSRQLITEGFLVEVSRYNKFMKICALTKKGRNWL,0
Q01538,EGTLEGAEAETSGQDEIHRPETAEGRSPVKSHFGSNP,0
Q13618-3,RFLPSPVVIKKRIEGLIEREYLARTPEDRKVYTYVAX,1
Q86YS7-5,GMGSGSAGKEGGPFKALLRQQTQSALEQREFPFFTLT,0
Q9UKX5,IHGMMMKITIPIATRSGNRLLKLRDFLTDEANTSCNI,1
P13631-3,QYCRLQKCFEVGMSKEAVRNDRNKKKKEVKEEGSPDS,1
O14862,ATLMIQNAGAVSAVMKTIRIFQKLNYMLLAKRLQEEK,1
Q5VT06,SDAVVASGAPLAILYDHQRQHLPDFVKQLRTRTETDR,0
Q14315-2,NFRQMKLENVSVALEFLEREHIKLVSIDSKAIVDGNL,1
P20929-3,KVYELQSENLYKSDLEWLRGIGWSPLGSLEAEKNKRA,0
Q96M83,EFKDVSATEPQTAHSMTNRFNAMLKVFENQANMLERA,0
Q8TEW6,NPRVKLVSWPLCSLRRYGRDATRFTFEAGRMCDAGEG,1
Q5SXM2,TKWKNWEKALLRKSVVSDRLQRLLQPKLLKLEYLHQK,1
Q08499-6,RKSVSPKLSPVISPRNSPRLLRRMLLSSNIPKQRRFT,1
Q9UQ35,SHSGSSSPDTKVKPETPPRQSHSGSISPYPKVKAQTP,1
Q9H089,KLILTPFERNLDFWRQLWRVIERSDIVVQIVDARNPL,0
A4UGR9-2,LYVIRDGSGQMLEIKTVHREDVEKGDVRTARWMFETQ,0
Q9UPT6-2,EQEKKELQIQVEHYEFQTRQLELKAKNYADQISRLEE,1
P51797-6,VSILRTTVHHAFPVVTENRGNEKEFMKGNQLISNNIK,0
Q9BSV6,SAAGKFGGDFLVYPGDPLRFHAHYIAQCWAPEDTIPL,0
Q8NF50-4,KSKEKIEKLKLQAESFCQRLGKYRMPFAWAPISLSSF,0
Q75MW2-2,EGKWAVLGTLLQEYGLLQRRLENVENLLHNRNFWILR,1
Q8N7P1-3,TKSQAFVSNSPKLFCPKNRSFDIDAIYSVIDDAKQYV,0
O95153-2,LRCCLAVGARAGVVPSQLRVHRLTATSAEITWVPGNS,0
O94826,LLDQVEEAVADFDECIRLRPESALAQAQKCFALYRQA,0
O75131,GQIVSSKKLTRPLVMKTGRPAGKGSITISAEEIKDNR,1
Q8TEX9,PQLLQLLQHSTHSPHSPEREMGLLLLSVVVTSRPEAF,0
O43149,VAATDQSYMPQQVTVAVGRNASDLQEVRDVHIPSNVT,0
A6QL64-3,KSQLKHEILELEKELCSLRFAIQQEKKKRRNVEEVHQ,1
Q13438-8,ERDRAMLALTSTLNKLIKRLEEKQSPELVKKHKKKRV,1
Q562E7-4,QPDAPLWVRFQAVRGLCTRHPKEVPVSLQPVLDTLLQ,0
Q5VT52-5,MSLLSKIISPGSSTPSSTRSPPPGRDESYPRELSNSV,1
A8MYA2,LPGTSEPSAYSPGGLVPRRHAPSGNQQPPVHPPRPER,0
Q92752-2,TDLEPGAEYIISVTAERGRQQSLESTVDAFTGIDPPK,0
Q9NRC6,EAQQFLTELLEAGSWLAERGHVLDSEDMGHSAEATQA,0
O75330-4,TNELLKSKFSENGNQKNLRILSLELMKLRNKRETKMR,1
Q14558,LAVIHGEAQCTELDMDDGRHSPPMVKNATVHPGLELP,1
Q07666-2,RLQEETGAKISVLGKGSMRDKAKEEELRKGGDPKYAH,1
Q8N3V7-2,SASPRSAGAENPRPFSPPRAPPPPPPPPPPPPRMRSP,1
P46013-2,EKAQALEDLAGFKELFQTRGHTEESMTNDKTAKVACK,0
Q9NPC1,GSGEARGGGRSREGTMELRTTPQLKVVGQGRGNGDPG,1
Q14494-2,DGYGIHPKSIDLDNYFTARRLLSQVRALDRFQVPTTE,0
Q2M2H8,ETSDTSFTPECPEIPQSERIDCTPDQEVTEDICRWQY,0
Q16204,RPRTVSSPIPYTPSPSSSRPISPGLSYASHTVGFTPP,1
Q14244-5,RPTSSLPPGSVKAAPAQVRPPSPGNIRPVKREVKVEP,1
Q8TDW7,FLDPESGELKTLALLDRERIPVYSLMAKATDGGGRFC,1
Q9UGJ0-2,FEGVVKCNKLEILETIVDRIVRAEVHRLVVVNEADSI,1
Q13085-3,NLFRQVQAEVPGSPIFVMRLAKQSRHLEVQILADQYG,0
A1L4H1-2,APRQERLRLVSGPHRCAGRLEVWHGGRWGTVCDDGWD,0
Q13439-3,EKDQYISVLQTQVSLLKQRLRNGPMNVDVLKPLPQLE,0
Q16653-4,ITVGLIFLCLQYRLRGKLRAEIENLHRTFDPHFLRVP,1
Q29RF7,LELLISPTCSCKQADICVREIARKLANPKQPTNPFLE,0
Q6NUP7,LVKSLCQDVEYEVRSCMCRQLENIAQGIGTELTKSVV,0
Q14160-2,PQAEGPPKRVSLVGADDLRKMQEEEARKLQQKRAQML,0
A4UGR9-2,PVPIVEKRSEIIMSPATLRRQIKIETRGRDSPPTITI,1
O75177,XXXXXXXXMSVAFASARPRGKGEVTQQTIQKMLDENH,1
Q14191,CGTYHAGMSFSTRKDIHHRFVRDEIQCVIATIAFGMG,1
Q68D91,SRISDYVGTCERLIELVDRGLVEKVLPGHFNTFGAER,1
P15822,AHSEVFTKPSGQQTLSPDRQVPRPTALPRRQPTVHFS,0
Q6UVY6-2,AGEAGPKYHDSNRGTKSLRLLNPEKTSVLSTALPYFD,1
P21333-2,SVKVTGEGRVKESITRRRRAPSVANVGSHCDLSLKIP,1
Q14C86-4,PWWRKRFVSAMPKAPIPFRKKEKQEKDKDDLGPDRFS,1
Q92736,IRSLLSVRMGKEEEKLMIRGLGDIMNNKVFYQHPNLM,1
Q8N9B8,VCCDPLVLAQQLTHIELDRVSSIYPEDLMQIVSHMDS,0
O14647-2,HKSIPVDPEEKKKYCLTCRVKAAHFDVEWGVEDDSRL,0
Q53EZ4-2,ALSEEKDVLKQQLSAATSRIAELESKTNTLRLSQTVA,1
Q9UHQ1-4,MTAEEGVQLSQQNAKDFFRVLNLNKKCDTSKHKVLVV,1
Q03001,LREKFILADGASQGMAAFRPRGRRSRPSSRGASPNRS,0
Q8IVF2-3,APDVKMSLSSMEVDVQAPRAKLDGARLEGDLSLADKE,1
Q8WWI1-3,WEEAMAKAQETGHLVMDVRRYGKAGSPETKWIDATSG,0
P47871,LINFFIFVRIVQLLVAKLRARQMHHTDYKFRLAKSTL,0
Q5TEJ8,PRHFLVSGGYQGKLRRRPREFPTAYDLLGAFQPGRPL,1
P20309,TLAKRFALKTRSQITKRKRMSLVKEKKAAQTLSAILL,1
Q8N7P1-3,PDLDAKIREALVLRSVRVRLLLSFWKETDPLTFNFIS,1
Q4G0M1,DAWMLFVRQSDKGVNGKKRSRGKAKKLKFGLPGPPGP,0
P62324,PLIGQAAQRIGLSSQELFRLLPSELTLWVDPYEVSYR,0
Q9BYD2,AAPVVTAPGRALLRAGAGRLLRGGVQELLRPRHEGNA,1
P78527-2,ITPQQQEKSPVNTKSLFKRLYSLALHPNAFKRLGASL,1
Q5T200-2,RERLISDSVERDRDRDRDRTFESSQIESVKRCEAKLE,0
Q6R327-3,DLTREPSDNLREILQNVARLQGVSNMRKLGHLNNFTK,0
Q14534,PVLIYQISSSETRVLVDIRGEMPRNLREYMVEKIYPQ,1
Q96IZ7-2,YDRRRRHRSSSSSSYGSRRKRSRSRSRGRGKSYRVQR,1
P30926-2,NVWLKQEWTDYRLTWNSSRYEGVNILRIPAKRIWLPD,0
Q7L8C5,LGSAQQFNVKKSTEPVQPRALLKFPDIYGPRPAVTAP,0
Q86VF2-5,GVEPGMAGMPGTAGGMAHRDSLRGTGVLGSQGGRQTL,0
Q5T7N3,GPEQVLTSSVHSFLSTELRIEEAGTEQEGGPQGGTRG,0
Q14643,PAPDSENATEELEPSPPLRQLEDHKRGEALRQVLVNR,1
Q8TCU6-2,SLEKVQQYYRKLRAFYLERSNLPTDASTTAVKIDQLI,1
P54289-4,EQTSDGPNPCDMVKQPRYRKGPDVCFDNNVLEDYTDC,0
P40197,VAPGTFSDLIKLKTLRLSRNKITHLPGALLDKMVLLE,1
Q9UH62,LKLLLNLAENPAMTRELLRAQVPSSLGSLFNKKENKE,1
P61163,QTFSEEHPVLLTEAPLNPRKNRERAAEVFFETFNVPA,0
Q7Z465-2,QLISLDQVHIPEAVRQLDRDLHGSGGTXXXXXXXXXX,1
Q8WVN8-4,KGKARVQFGANKNQYNLARAQQSYNSIVQIHEKNGWY,1
Q13115-2,SWFMEAIEYIDAVKDCRGRVLVHCQAGISRSATICLA,1
Q9NP92,GHTQFHLLPDKLRRERLLRQNCADQIEVVFRANAIAS,1
P58215-3,PSPSTGPEKKAGSQGLRFRLAGFPRKPYEGRVEIQRA,1
Q9UQ35,PSSSRTPQAPASANLVGPRSAHATAPVNIAGSRTAAA,0
Q9BTC0,IALHIEKEMFNLFQVTDNRYKSKYRSIMFNLKDPKNQ,0
Q4G0M1,LLAAAAAGLGSPEPGAPSRSRARREPPPGNELPRGPG,1
Q8WWU5-3,YTIQSLQPHLQEHSIQYERAKFQELLNKQPSLLNHTT,0
Q0VDD8-4,YHHLFLADDLFQTCLVYIRGLCEDAINLKNYNDHENN,0
O15078,GLEDAVVEIKNCKNQIKIRDREIEILTKEINKLELKI,0
Q8WZ42-3,EAVFECEVANPDSKGEWLRDGKHLPLTNNIRSESDGH,0
Q9Y2D5-4,AVLTVVKDDDHGILDQFSRSVNVSLTQEELDSGLDEL,0
Q99459,PEDGMADYSDPSYVKQMERESREHLRLGLLGLPAPKN,1
Q8WZ42-3,GRPVPRVTWFKDGVEIEKRMNMEITDVLGSTSLFVRD,0
Q709C8-4,QGLDSSLSLQSRKQSLFARLENIIVTDVDPKTVHKKA,0
P32418-2,TDEYDDKQPLTSKEEEERRIAEMGRPILGEHTKLEVI,1
Q9UNA1-2,ICAEWEIKTITSALKTYLRMLPGPLMMYQFQRSFIKA,0
Q9NY74,NDIFWDQNSPLTKQLGKGRKKQIYTTDSDEISHIVNR,0
P48552,VLNTHTYQGSGMLHLKKARLLQSSEDWNAAKRKRLSD,1
Q70CQ4,CSHCMRIGVAVPLSGTVARLREAVSMETKIPTDQIVL,1
Q8N1B4-2,EARGTAACADVRGVLDRLRVKAVTKIREFILQKIYSF,1
P54802,AVGVLLLAGAGGAAGDEAREAAAVRALVARLLGPGPA,1
P21333-2,WAPERPLVGVNGLDVTSLRPFDLVIPFTIKKGEITGE,0
Q96M20-2,APQKYLPPLRIVQAIKAPRYKIRELLAXXXXXXXXXX,1
O94915,DLYAEVIGVLAQSKFQAVRKKFVTELKELRQKEQSPH,0
Q96SQ7,TDTAGERGGSRAPEVSDARKRCFALGAVGPGLPTPPP,1
Q96N23-2,DSTASQFLAVLEALSDSNRRILQTGPIVTDEVEIHDV,0
Q9UQ35-2,IDSLRDSRSLSYSPVERRRPSPQPSPRDQQSSSSERG,1
P83105,AAVVEKVAPSVVHVQLWGRLLHGSRLVPVYSGSGFIV,1
Q9H089,SSFDQAEISHSESEHLPARDSPSLSENPTTDEDDSEY,0
Q9C0C2,TLARAETTQARTEAQDLCRASPEPPGPESSSRWLDDL,1
Q4VC12,EEYKLVVDGGTPVSGFGFRCPQEMFQRMEDTFRFCAH,0
Q8N1F8,SPSASPVCHPPGHGDHLDRAKNSPPQAPSTRDHGSWS,0
Q5JWR5,ILFCFPFHMSQATRPDMIRILSAALHVVLRRDMSLNR,0
Q92636,NPGTFRDLSKPVGALNKERLERLLTRYQEMPEPKFMY,1
Q8NEY1-6,AQAVIQGALNASETTPKGRTSSHRLRGNREQESKSIT,0
Q9HDC9-2,XXXXXMSEADGLRQRRPLRPQVVTDDDGQAPEAKDGS,1
Q29RF7,TQPEKDFCNDKSYISEETRVLLLTGKPKPAGVLGAVN,0
Q8IZ69-2,AILDPPRAGLHSKVILAIRRAKNLRRLLYVSCNPRAA,1
P33527-5,SALLAEMDKVEGHVAIKTRILVTHSMSYLPQVDVIIV,0
Q8IV33,NIPVSTCVEYELEVIRCLRLALTDAIKDTVQQIVSVM,1
P21333-2,VIQDPMGQKGTVEPQLEARGDSTYRCSYQPTMEGVHT,0
P16144-4,VPDTPTRLVFSALGPTSLRVSWQEPRCERPLQGYSVE,0
Q6ZUT9,YEAFVIQTAQDMESWLTNREQMQNFDKASFLSDQPEP,0
Q9NVK5-3,EHQSALELIMSKYREQMFRLLMASKKDDPGIIMKLKE,1
Q5THJ4-2,PFEFEARGKLRHRHTHDLRIHQLQVRVNGWEQVSPVS,0
Q96RW7-2,AILNCEVKGDPTPTIQWNRKGVDIEISHRIRQLGNGS,0
P62140,HGGLSPDLQSMEQIRRIMRPTDVPDTGLLCDLLWSDP,1
Q86YT6,AALRGNPSAMRVLLSKLPRPWIVDEKKDDGYTALHLA,1
Q99935,FFLGLLALISCFTPSESQRFSRRPYLPGQLPPPPLYR,1
P46379-5,GDPPQPLPEEPMEVQGAERASPEPQRENASPAPGTTA,1
Q9NT68-2,DIIQQGQTDWPAVKSFYDRIKLLAGKDSTHIIPGENP,0
Q86U17,MVLANYIFFKAKWKHPFSRYQTQKQESFFVDERTSLQ,0
Q8NCM8,PAGTGKTESVKALGGLLGRQVLVFNCDEGIDVKSMGR,0
O95248,AHTPGRPPRVTKDKGPSLRTLSRNLVKNAKKTIGRQH,1
P09001,GGKTVSRFRKATSILEFYRELGLPPKQTVKIFNITDN,1
Q9HCS5,GSESENSNREYRKKRNRIRQENDMVDSAPQWEAVLRR,1
O76094-2,SANQQTDKLKELYGQVLYRLERYDECLAVYRDLVRNS,0
Q96MK2,FALDELSLFGGSQGLRKDRPLPPPSSLKASSRELTAG,1
Q15149,FPVTDAVNKGLVDKIMVDRINLAQKAFCGFEDPRTKT,1
Q9P2M4,VLTWNNEILPNWETMWCSRKVRDLWWQGIPPSVRGKV,0
Q8WXX7-5,PPTAALSAPPPLISTLGGRPVSPRRTTPLSAEIRERP,1
Q96T58,SGSCSSLSPPRYEKLDKSRLERYTKNEKTDKERTFDP,0
Q8N1F8,TPQHRLWPLLEKDSSLEARQFFYLRAFLVEGPSTCLV,0
Q92945,ISRQLPPNGDPNFKLFIIRGSPQQIDHAKQLIEEKIE,1
Q9UG01,LYVQHGAPANPQNFNIYKRIFTDMVSSPGTNCAEAYH,0
Q06203,LLAYTPPQEQDDTPDWVARIKNLMKEAPTAYSLLIMH,0
Q86U17,LPSPKLELKVGNSLFLDKRLKPRQHYLDSIKELYGAF,1
O15444-3,LPKRHRKVCGNPKSREVQRAMKLLDARNKVFAKLHHN,1
P29074,RFRLPAGRTYNVRASELARDRQHTEVVCNILLLDNTV,0
O60469-2,IIDIHPSSTYSIRMYAKNRIGKSEPSNELTITADEAA,1
Q8WXF1-2,EQPPRFAQPGTFEFEYASRWKALDEMEKQQREQVDRN,1
Q8WZ42-3,KGTDQVLVKKEISILNIARHRNILHLHESFESMEELV,0
P23467-4,QKFCDGPLKPHTAYRISIRAFTQLFDEDLKEFTKPLY,1
Q9BPX6-5,FLEFQRKLQHDVLKLEFERHDPVDGRITERQFGGMLL,1
Q8NHG8,PYGSQDSVHSSPEDGGGGRDRPVGGSPGGPRLVIGSL,1
Q4LE39-3,TDASWYTVVFDDGDEKTLRRSSLCLKGERHFAESETL,0
Q92736,DVKNRRNPRLVPYTLLDDRTKKSNKDSLREAVRTLLG,0
Q75QN2-2,STLGIMYRSELLSFIKKLREPLVLTIILSLFVKLHNV,1
Q9BYN7-2,KDHRCRLGPQKDKDLQTRRPPQRRAAPRSCGSGGRKV,0
Q75WM6,QAKATLLRVSGSDAAGYFRVWKVPKPRRKPGRARQEE,1
Q13002-3,GPMGAEELAFRFAVNTINRNRTLLPNTTLTYDTQKIN,0
Q7Z3B3,SEGLSNFLKSNSISEELERFTASGIANLRCSEQAFDS,0
Q96EZ8-4,CGSKWRLSNNSVVEIASLRFVFLINQDLIALIRAEAA,0
Q8TD57,SGFYFTQSFLTGVSQNYARKYTIPIDHIGFEFEVTPQ,0
Q96LX7-5,PDQQASRSALKRLTEEEMRPWITEVPRVFAGPWTRSE,1
Q9Y678,KSAVLQEARVFNETPINPRKCAHILTKILYLINQGEH,1
Q5VZY2-3,QHYPPLANTACHKPYVSLRVPASLKKEERPTADSAPS,1
P35558,PRDVARIESKTVIVTQEQRDTVPIPKTGLSQLGRWMS,1
Q0VDF9,SRIRNISNTVMKVKQILGRSSSDPQAQKYIAESKCLV,1
P24043,ETSICQNCQHHTAGDFCERCALGYYGIVKGLPNDCQQ,0
Q7Z3B3,QAECEDQLDAQERAARCTRRTSGSKTGRETEAAPTSP,0
Q9UPA5,PSRASSAYHHASDSKKGSRQAHSGPAALQSKAEPQAQ,1
Q86XH1-2,VHPQKRILIRKVLDGVMGRILELKNEMVELELTEFHY,1
Q8IXJ9,FEQAASASFPEKKPRLEDRQSFRNTIESVHTEKPQPT,1
Q9P2P5,XXXXXXMASSAREHLLFVRRRNPQMRYTLSPENLQSL,1
O95153-2,IQEEEEEEEEEEEEELGSRTCSFQKQVAGNSIRENGA,0
Q96KN1,QRSHTLEFQSLEDLIMEKRRNDQIGRAAVLQELATHL,1
Q8WXF1-2,MRQDLMRRQEELRRLEELRNQELQKRKQIQLRHEEEH,0
O43149,YPVLKDVMDFIKDQSLSHRSVVKVLSLRKAQAQSILE,1
Q8N9H8-3,QGRATEADSRLEVKDMKDRYYQLPIPRENVHLLASWE,1
Q9P219,EEKIVLLEAQMEEKASLNRQLESELQMLKKECETLRQ,1
O60762,LKRKIISRGANFLTQILLRPGASDLTGSFRLYRKEVL,1
Q969U7-2,KSSGCARVIVLSSSHSYQRNDLQLRSTPFRYLLTPSM,1
Q27J81-2,LEQSGLDLLLEALARLSGRGVARISDALLQLTCVSCV,1
Q9HCR9-2,PLFRNVLSATQWKKVKITRLVQISGASLAEKQEKHQD,1
Q9P2F8,DFVEAKYTIGDIFVHSPQRGLHPIRQRSNSDVTISDI,0
Q9NVP4-2,PGFAHVSGQKCLTSTEIMRIQRETDFLKCAHCLAPRP,0
A7MD48,GCSRSSSYASTRSSSHSSRSPNPRASPRYTQSRSTSS,0
Q8N9Z2,KPVAPGPCFGGRTLEEIWRAATPTLTTFPTIRVGSDV,0
O94915,TDESSEEEAALTASQILSRTQMLNSDSATDETIPDHP,0
Q9H8S5,LQGEREYAGDIFAEVMVCRVLPLRALPRAVTPEMRAL,1
P48730-2,VAPPTPLTPTSHTANTSPRPVSGMERERKVSMRLHRG,1
Q2LD37-4,SNAGAEKGKEIAAKLNIHRVHGQLRGLDTTDIGTCAI,0
Q71F56,LLGECSLQTISKKLKDVCRMCGISAADSPSILSACLV,0
O75525-2,PRGTPTPRGVLSTRGPVSRGRGLLTPRARGVPPTGYR,1
Q5VST9-5,GQITVEAEGASSSAALRVREAPVLFKKKLEPQTVEER,0
Q15149,YLTCPKTKLKISYKDALDRSMVEEGTGLRLLEAAAQS,0
A6NNP5-2,XXXMKEERNYNFDGVSTNRLKQQLLEEVRKKDAVQLS,0
Q8WZ42-3,ITIENTEHYTHLVMKNVQRKTHAGKYKVQLSNVFGTV,0
Q5VU97-2,HEDRGIISNTRFIAAVIERHAHSPERRRRYWGRSGTE,1
Q7L014,YVEVPELAKMSQEEVNVFRLEMEGITVKGKGCPKPIK,1
P47871,SFVLKASSVLVIDGLLRTRYSQKIGDDLSVSTWLSDG,1
Q8TE73,IDMISKLYTKQKYDPPLARNQPPIAGKILWARQLFHR,0
Q9UQ35,KDKDKKEKSATRPSPSPERSSTGPEPPAPTPLLAERH,1
P54098,PLEKEPRELFVKGTMKDIRENFQDLMQYCAQDVWATH,0
Q86YS7-5,AKEHLESASSNSGIPAAQRDRCSSWIELIKLKAQTIR,1
Q9NVE7,LESDPYFGFEEAKRKLQERPWLVDSYSEWLQRLKGPP,1
Q8WZ42-3,PAAPLGAPTYIPTLEPVSRIRSLSPRSVSRSPIRMSP,0
Q96QE5,ERERLKAVNSIISIVFGTRRIAWAHLDRKLTVLDWQQ,1
Q8N3R3-4,YYSFTGFKDPDEDLEQVSRVETTLTSWLDNNGKSAVK,0
Q8WZ42-3,LTMKNDHISAHLEVPKSVRADAGIYTITLENKLGSAT,0
Q9BUH6,VWSLERRLAAAEETAVSPRKSPRPAGPQLFLPDPDPQ,1
Q00839-2,NGQDLGVAFKISKEVLAGRPLFPHVLCHNCAVEFNFG,0
Q8TBB5-2,TVVTIKQVLTAPGSAGQPRSEDEDSLEEAGSPAPGPC,1
Q15637-4,XXMATGANATPLDFPSKKRKRSRWNQDTMEQKTVIPG,0
Q9BXM9-2,FSKAARQIKDRVTMASAFRLSLKPKVSDNMTHLMVDF,1
P49223,QLQASLSFLLILTLCLELRSELARDTIKDLLPNVCAF,1
Q03001,GGKESFTASLKFDDSGSWRGRKEEYVTGQEFHSDTDH,0
Q96MK2,KAFIPTLHENLDIKVTELRGLGSLAVGAVTCDIADFF,0
Q9BX66-4,DKDMDLTKICTGKGAVTLRASSSYRETPSSSPASPQE,0
P13521,MAYENLNDKDQELGEYLARMLVKYPEIINSNQVKRVP,1
O75223-4,WGVVWKMNKSNLNSLDEWRKKRHTAFQNQGNHPCKHK,1
Q6NXR0,DDSLAKLAEQVGKQAGDLRSVIRSPLANEVSPETVLR,1
O14795-2,YALSLYTQTTDTLIKTFVRSQTTQVHDGKGIRFTANE,1
Q8N0U4-2,GPGRRTLKEWTLQVSPFGRLRARLPCHLAVRPLDPLT,1
Q96B97-3,GALPPRRPERPVGPLTHTRGDSPKIDLAGSSLSGILD,1
P15918-2,VHINKGGRPRQHLLSLTRRAQKHRLRELKLQVKAFAD,1
O60423-3,NNRAYNGQFKEKVILCWQRKKYKTNVIRTAKYNFYSF,0
P15884-16,SSPNYEGPLHSLQSRIEDRLERLDDAIHVLRNHAVGP,0
Q12923-2,KDAKYGLGFQIIGGEKMGRLDLGIFISSVAPGGPADL,1
P29376-5,DACPGGSPESQLVCLGESRAVEEHAAMDGSEGVPGSR,0
Q8WZ42-3,KDATLQDMGTYVVMVGAARAAAHLTVIEKLRIVVPLK,0
Q9Y6K9-3,ERLGLEKLDLKRQKEQALREVEHLKRCQQQMAEDKAS,1
P11277-3,RLQALRELYQQVVAQADLRQQRLQEALDLYTVFGETD,0
Q9P2D1,GDGGEFDREDEDPEYKPTRTPFKDEIDEFANSPSEDK,0
Q309B1,XXXXXXXXMQFGELLAAVRKAQANVMLFLEEKEQAAL,1
Q9NU22,LVVECFSQLKVLNKVLAIREQMSALGESGWQEDINRL,0
P25024,LMRTQVIQESCERRNNIGRALDATEILGFLHSCLNPI,1
Q5VYS8-2,EFNLADLVISIRVKELVSRELKDWPKKRIAIEGISKC,1
Q9NXL9-4,HPQSTPVHSPDRMLDSPKRKRPKSLAQVEEPAIENVK,0
Q9P225-2,LLALDPSPLNVVLLQEIQRYNTLMQTILFSLTDLEIP,0
Q9H9Y6-5,KVIRMLIMPRRNFPIAMIRPKWKTRGPGYTQYGVSMH,1
Q6IQ23-3,KLENDVEQLKQTLQEQHRRAFFFQEKSQIQKDLWRIE,1
Q15386-2,IGVTTSSEMQQCIQMEQKRWIQLFKVITNLVKMLKSR,1
Q9UPU5,PYTDVRRRYWNAYMLFYQRVSDQNSPVLPKKSRVSVV,0
Q5VT06,IDHPVMVVNVDNSVTAKVRKVATAPPAPAYKGFNPSE,0
Q495B1-1,VDLNLRDKQGKTALAVAVRSNHVSLVDMIIKADRFYR,1
Q99523,TTYANGSCKADLGALELWRTSDLGKSFKTIGVKIYSF,1
P02751-12,HFPFLYNNHNYTDCTSEGRRDNMKWCGTTQNYDADQK,0
Q5CZC0-2,RLKKGGYITSNNKVVCTLRELNKYRQYLTSLKLDFER,0
P20929-3,YKENLGTGIPIPITPEMQRVKHNQENLSSVLYKENMG,1
P54289-4,VLNELNWTSALDEVFKKNREEDPSLLWQVFGSATGLA,0
P20929-3,RAKRNQENISSVLYSDSFRKQIQGKAAYVLDTPEMRR,0
P35348-3,YTLHPPSQAVEGQHKDMVRIPVGSRETFYRISKTDGV,1
Q0VDD8-4,MLISAEGEGLVLPKKIRVRSAVEQWLVNVEKSMFDVL,1
P43366,TTKMKVLEFLAKMNGATPRDFPSHYEEALRDEEERAQ,1
Q6ZTR5,VKGTSSLELRFLPFNMHVRYCVIILSNKKIGQLIYVA,0
Q8WTV1-3,XXXXXXMPKSCAARQCCNRYSSRRKQLTFHRFPFSRP,0
P80108,YALTSDAQPLLLSTFSGDRRFSRFGGVLHLSDLDDDG,0
Q7Z6R9,GGAADSGQGHANSEKAPLRKTSEAAVKEGKTEKTDXX,1
Q9HCS5,GSIRYKHRYSGRTALQMSRDLSIQLPRPDQNVTRSRS,0
Q8WXG9-3,EEDGEIRLLVIRAQGLLGRVTAEFRTVSLTAFSPEDY,1
P47972,QGGAQSPEEELRAAVLQLRETVVQQKETLGAQREAIR,1
Q9H9Y6-5,MTGKPSLYPGLFLFTTPCRLVRPVQNLALGKEELIGT,0
Q16659,VVHEEDRQELLSVIPVYIRNDMTEPHKPLTQLLPGIS,1
P29966,XMGAQFSKTAAKGEAAAERPGEAAVASSPSKANGQEN,1
Q9NRA8,EKDSDGLRLLGGRRIGSGRIISARTFEKDHRLSDKDL,1
O94906-2,LEEKIGQLTRARAILEKSRLKNPKNPGLWLESVRLEY,1
Q7Z408-2,AYELQECPDPEPFANGIVRGAGYNVGQSVTFECLPGY,0
Q9NZR2,GKTHTCACPTNFYLAADNRTCLSNCTASQFRCKTDKC,0
P11277-3,VISDEIPKDEEGAIVMLKRHLRQQRAVEDYGRNIKQL,0
Q6W2J9-3,AESNDGKVLKPKPSKLAKRIANSAGYVGDRFKCVTTE,0
O14727-6,FLTISEEEKVRNEPTQQQRAAMLIKMILKKDNDSYVS,1
Q14566,LRQRDGSGVTKSSWRITVRQLESMIRLSEAMARMHCC,1
O43307-2,GHLDPNSDCLCLGRPLQNRDQMRANVINEIMSTERHY,1
Q8WYK0-2,FEETARVGQVITIKAKVTRAFSTSMEISIKVMVQDML,1
Q5VT52-5,SKLSDTTEYQPILSSYSHRAQEFGVKSAFPPSVRALL,0
Q15637-4,EQKTVIPGMPTVIPPGLTREQERAYIVQLQIEDLTRK,0
O15350-10,QRPPRDAQQPWPRSASQQRRDEQQPQRPVHGLGVPLH,0
Q8TDW7,LGGLDSGKYVLNVSVSDGRFQVPIDVVVHVEQLVHEM,0
Q76B58,DRSRQGFSTRYKIYREFGRWKVNNLAVERRNFLGSPL,1
Q15262,TFWPNEYQVIFEAEVSGGRSGYIAIDDIQVLSYPCDK,0
Q9BZ29-3,RIATLYLPLFGLLIENVQRINVRDVSPFPVNAGMTVK,0
Q8N3D4,SRNAVAGRASKDGGAEAPRESRPAEVPAEGLVNGAGA,0
Q68D86-2,RLIEETQIFQMQQSSIKSRGDMVAPASPPRDTCNTCF,0
Q63HN8,VCYHASLEKKDSYRKAIARFFPKPYDDSRLLLDEITR,0
Q8NCM8,ISPGADPSQELQELANAERSGECYHQVAMGQGQADLA,0
Q9NTI5-2,TEQKSKSKQHRVSRRAQQRAESPESSAIESTQSTPQK,0
P20929-3,AEKNKTLYSKYKYKEVFERTKSDFKYVADSPINRHFK,0
Q9C0A0,EISVQSPTHFNDNQWHHVRVERNMKEASLQVDQLTPK,0
Q9H0I3-2,RAKAEAVNKRLRKQLAEFRAPQVMTYVREKILNADLE,1
O60423-3,SLCYVETVDIDGETNLKFRQALMVTHKELATIKKMAS,1
Q96EZ8-4,LRGRMVRYLMRSREITLGRATKDNQIDVDLSLEGPAW,1
Q9UPN9-2,GIPRHSGPQYSMMQPHLQRQHSNPGHAGPFPVVSVHN,0
P07949-2,MKLVHRDLAARNILVAEGRKMKISDFGLSRDVYEEDS,1
Q5HYC2-2,GGGCCKEQELTYELQQGYRILGEFLQEKHRGLTAPFL,0
Q14160-2,PSPTPVEDLGPQTSTSPGRLSPDFAEELRSLEPSPSP,1
P15822,ISDNEALVDDKQLDSVKPRRTSLSRRGSIDSPKSYIF,0
Q96DT7-4,YKCMVCKKIFMLAASVGIRHGSRRYGVCVDCADKSQP,0
Q8IVF2-3,DKDEVAPQSAIHMDLPPERDGEKGRSTKPGFAMPKLA,0
Q8WZ42-3,SPIRMSPARMSPARMSPARMSPARMSPGRRLEETDES,0
Q16584-2,EEELTRAAREQRSQAEQLRRREHLLAQWELEVFEREL,1
Q9Y251-3,FINGSQLGEDFIQLHKLLRKSTFKNAKLYGPDVGQPR,0
Q08209-4,RLEESVALRIITEGASILRQEKNLLDIDAPVTAAVLK,1
Q13510-3,KSTYPPSGPTVFPAVIRYRGAVPWYTINLDLPPYKRW,1
Q9BUN1-2,RVSLRFGGPMTRSYRSTARTGLPRKTRIILEDENDAM,1
Q8WWI1-3,NAFESKASESISLKNLKRRSQFFEQGSSDSVVPDLPV,0
Q9BX66-4,EAIAKFNFNGDTQVEMSFRKGERITLLRQVDENWYEG,0
Q9UPN9-2,HKQEQLKLFCETCDRLTCRDCQLLEHKEHRYQFLEEA,0
P08F94-2,SVTSWLAGCGTELPLITARSVPTEGTEEGSGLVLVTT,0
Q8WW12-3,XXXXXMPPEAKMRMKNIGRDTPTSAGPNSFNKGKHGF,1
Q03001,KDAYKPITDADKIEDEVTRQVAKCKCAKRFQVEQIGD,0
Q96RW7-2,GVPFPSIHWTKNGIRLLPRGDGYRILSSGAIEILATQ,0
Q8IUD2-5,GTQAGEIHDLKDMLDVKERKVNVLQKKIENLQEQLRD,0
Q5T200-2,NYDYVHELSLEMKRQKIQRELMKLEQENMEKREEIII,1
O60675,GYAASCRIKRVTQKEELERQRVELQQEVEKLARENSS,1
Q9UN74-2,LVCSSAVGSWSYSQQRRPRVCSGEGPPKTDLMAFSPS,1
O94910-2,VTSATQGLSRAGLPFGLMRRELACEGYPIELRCPGSD,1
P20929-3,PDIVLAKANLINTSDKLYRMGYEELKRKGYDLPVDAI,0
Q6NXR0,AVYTMLQGCLNEMAEDAQRVRIKALEDDEPQPEVSLE,0
Q13625-2,RQQQQIEAQQQLLATKEQRLKFLKQQDQRQQQQVAEQ,0
Q5TIE3-4,DCAKNSGAPFILGQAKNARLASGDSTTKHDLNLSQRR,0
A6NNP5-2,EKIHGNSSDRLSSIRVYERMPVVSRNVIKHKEXXXXX,1
P54802,VARLLGPGPAADFSVSVERALAAKPGLDTYSLGGGGA,0
Q99935,PGYPNLHFPLRPYYVGPIRILKPPFPPIPFFLAIYLP,0
Q14997-3,XXMGENLAKKIMFFLLIIRKLLNHILDNSEDDTKSLF,0
Q9UG01,FCSYMQWVPGSDVLVAQNRNSLCVWYNIEAPERVTMF,0
Q8TAD8,LQAQEEEREFYNARRREHRQRNDVGGGGSESQELVPR,0
B6A8C7,YQRGTVTAGGRVTLQCQKRDQLFVPIMFALLKAGTPS,1
Q9UPU5,TPEKSSYRQLSVSDRSSIRVEEIIPAARVAIQTMEVS,1
P35221-3,LPAVSWKMKAPEKKPLVKREKQDETQTKIKRASQKKH,0
Q8IU81,AEALGHSPKDPGGGGGPVRAGGASPAASSTAQPPTQH,1
O75494-6,RNRPTGRPRRSRSHSDNDRPNCSWNTQYSSAYYTSRK,1
Q96B77,YSGKQTFYVTLRYGRILDRERFTQVFGVHQMLKXXXX,1
P78527-2,RLRRRFMRDQEKLSLMYARKGVAEQKREKEIKSELKM,0
Q03001-3,GLEPETFQNFDGDHACSVRDDEFKFQGLRHTVTARQL,0
Q9NSK0-2,RDEPAGHRLSQEEILGSTRLVSQGLEALRSEHQAVLQ,1
Q5SXM2,KKALEHKATSLVVGGEAERPAGALQASLGLVRGQLQD,0
Q9Y4G8,IACAAKAKRRLMTLTKPSREAPLPFILLGGSEKGFGI,1
Q9H4F1,QKARDTLYMVWGQGRHMDRVLGGRTYRTLLQLTRMYP,1
Q7LFX5-2,HHGHQACPTCKGENKILFRVDSKQMNLLAVLEVRTEG,0
O94964-2,KLQIGELSGKVKKLQYENRVLLSNLQRCDLASCQSTR,0
Q7L014,DAAVDIDEQIESMFNSKKRVKDMAAPGTSSVPAPTAG,0
Q6ZWJ8-4,WHPLREWLGRLEAAVMELREQNKDLQTRVRQLESCEC,1
P46013-2,MQNQKGKGEAGNSDSMCLRSRKTKSQPAASTLESKSV,0
Q63HN8,KTYELTTDNMLKILAIEMRFRCGIPVIIMGETGCGKT,0
P51809-3,ELKGIMVRNIDLVAQRGERLELLIDKTENLVDSSVTF,1
Q9BX26,MPIRPDLQQLEKCIDDALRKNDFKPLKTLLQIDICED,1
Q02156,AGAESPQPASGSSPSEEDRSKSAPTSPCDQEIKELEN,0
E5RJM6-3,MDSQRPEPREEEEEEQELRWMELDSEEALGTRTEGPS,1
P16144-4,VLQEDSSNIVELLEEAFNRIRSNLDIRALDSPRGLRT,0
Q8IVS8-5,LTRLLAARGATIQELNTIRKALSQLKGGGLAQAAYPA,1
Q8IWY9-1,DHVVPLLEYYRDIFTLLLRLHRSLVLSQESEGKMCFL,1
Q5T011-5,LEEGEVGTLHPVFARVAQRWMEFMVQIGCASVSRSSA,0
Q92626,IATVDRAINSTRTHLFDSRPRSPNDLLALFRYPRDPY,1
Q9UL62,PNCQQLLATLWYDGFPGWRRKHWVVKLLTCMTIGFLF,0
Q02224-3,MNQRSSRSHTIFRMILESREKGEPSNCEGSVKVSHLN,0
Q15149-4,AENERLRRLAEDEAFQRRRLEEQAAQHKADIEERLAQ,1
P16144-4,THAASINPTELVPYGLSLRLARLCTENLLKPDTRECA,0
Q9NRJ7,EARAEYNITLTVTDMGTPRLKTEHNITVQISDVNDNA,1
Q13439-3,LQRVGQEKEETVSSHFEMRCQYQERLIKLEHAEAKQH,0
Q14624-4,VFVIDKSGSMSGRKIQQTREALIKILDDLSPRDQFNL,1
Q86TW2-2,SFSEAFNLWQINLHELILRVKGLKLADRVLALICWLF,0
O14920-4,ILTLLSDIASALRYLHENRIIHRDLKPENIVLQQGEQ,1
Q15811-4,LCITVFERDQFSPDDFLGRTEIRVADIKKDQGSKGPV,0
Q5VT06,ISISSSETSSIMQKLKKMRSRMDEKFLTKREQKLMQR,0
Q86V20,PHFTEEEKYQKLLSENKIRDEQPKHQPDICGKNFNTN,1
Q92614-5,GSLKSSSPTSYWKSLAPDRSDDEHDPLDNTSRPRYSH,1
O95255,RTQAPFVAQNNARVDESQRISFPRLVADRWLAANVEL,1
P50570-3,KTLNQQLTNHIRESLPALRSKLQSQLLSLEKEVEEYK,1
P41218,SLLAYDLGLTTKMQEEYNRIKITDLMEKKFQGVACLD,1
P49588,AEDADGIDMAYRVLADHARTITVALADGGRPDNTGRG,0
A4UGR9-2,EIVKGDVQQAIKNLFSEERSVKKGILIQEDEKGDINM,0
Q15386-2,CRLLQNCNDDSLNVALPMRMLEVFSSENTYLPVLQDA,0
Q0VDD8-4,YMYYEFPEFPTNLFIDPNRLEFSVKIQNMLTNMEKCI,0
Q5JPB2,WQMPPAPGPLKGGDVEAPRPVWPDPKLEGGARGVGDV,1
P04275,LIQDFETLPREAPDLVLQRCCSGEGLQIPTLSPAPDC,0
Q99638,GQDLLRCKILMKSFLSVFRSLAMLEKTVEKCCISLNG,1
P31629,RDLSPMRHLSPRKEAALRREMSQRDVSPRRHLSPRRP,1
Q5VT06,SPSSQKSLQFDVAGTSSERSKSSVMPPTITGFKPNAP,0
P38432,AVTQESKITVFWKELIDPRLIIESPSNTSSTEPAXXX,0
Q01538,SQLGLGEPGKAAKPLDTVRKSYYSKDPSRAEKREIKC,0
P0C6A0,GTRCSSCWLVPRKNVQPKRLCGRCGVSLDPIQEGXXX,0
P29401,KEKINIRVLDPFTIKPLDRKLILDSARATKGRILTVE,1
Q14764,ALSMAVESTGTAKAEAESRAEAARIEGEGSVLQAKLK,1
P12270,QTVQLQSELSRLRQDLQDRTTQEEQLRQQITEKEEKT,0
Q9NR63-3,EAINVYQEAQKLTFRMAIRVLLGFSIPEEDLGHLFEV,0
O15078,LAEADAREKDKELVEALKRLKDYESGVYGLEDAVVEI,1
Q9Y2K9,AFDPVQKILAIGTRTGAIRILGRPGVDCYCQHESGAA,1
Q9HB09-2,EELGLREDTLRVLAAFLRRGEAAGSPVPTPPRPSYSR,1
Q8TEM1,PAPAKAVVYVSDIQELYIRVVDKVEIGKTVKAYVRVL,1
Q9BTC0,ADGQWASADFREGKGHEYRNQTFEGRQRERFDVGPKE,0
Q6IQ23-3,PGQSLSFPENYQTLPKSTRHPSGGSSPPPRNLPSDYK,0
Q9ULE0,PLAQLADSCEGPGLGALDRLRAHASAMGDEDLPGMAA,0
A7MD48,RERARRRRRSYSPMRKRRRDSPSHLEARRITSARKRP,1
Q2TAC2-2,KELEALKEAGAKAAESLQRAEATNAELERKLQSRAGE,0
Q9BUH6,MDPLSPPLCTLPPGPEPPRFVCYCEGEESGEGDRGGF,0
O60841,FDVRIERDAQEMADSLGVRIFSAEIIYHLFDAFTKYR,1
Q9P035,ERLTKQEKRPLFLAPDFDRWLDESDAEMELRAKEEER,1
Q6ZW05-4,ARTSRDKQKEITEVLEKLRPLSLSKSIRFIVFNPSFV,1
O15078,NALQMDSDEMKKILAENSRKITVLQVNEKSLIRQYTT,0
Q96L92-2,EEGQLENQVIAFEWDEMQRWDTDEEGMAFCFEYARGE,0
P16144-4,PHGDLGAPQNPNAKAAGSRKIHFNWLPPSGKPMGYRV,0
Q15811-4,CKGMPLSSFILKPMQRVTRYPLIIKNILENTPENHPD,0
Q02224-3,ITKERKVLKELQKSFETERDHLRGYIREIEATGLQTK,0
Q86TU6,KGGKDVTLLELSVEKRRWRINMETSKIILEKMQSDDV,1
Q01085-2,XMMEDDGQPRTLYVGNLSRDVTEVLILQLFSQIGPCK,1
Q8WXG9-3,KSFKVELLNLEGGVAELFRVDGSGSGDGDMEFFLPTI,0
Q96N64,TSFLALSQLSPFLENFQSRFNKKRKGLYRKAITEAAK,0
Q9BRR0-2,QENHGSLVSLGDEKQTKSRDLPPAEELPEKEHGKISC,1
Q8N8I0,LRLTDKKLERMGIAQENLRQHILQQVLQLKVREEVRN,1
Q02641-3,KEGCEVGFIPSPVKLDSLRLLQEQKLRQNRLGSSKSG,1
Q9UPU5,LGVLTMAFNPDNEYHFKNRMKVSQRNWAEVFGEGNMF,0
P52630-4,LHRAFVVETQPCMPQTPHRPLILKTGSKFTVRTRLLV,0
Q96T58,ERTLQHGLYYASRSRSPNRFDAHDPRYEPRAREQFTL,1
Q5T200-2,NRDQARDSSFERRHGERDRRDNRERDQRPSSPIRHQG,0
Q9Y4G8,EEHSVVDPTFIEDFLLTYRTFLSSPMEVGKKLLEWFN,0
Q4G0W2,YCKNGRSRSAAVCTAYLMRHRGLSLAKAFQMVKSARP,1
Q6AHZ1-2,NNGKLEGVSAVKTEGAPARGTVTKEPCKTPILKVEPN,0
Q5VST9-5,GTVTLACELSPACAEVVWRCGNTQLRVGKRFQMVAEG,0
Q9C0E4,EEEEDDWEPPTSPAPGPAREEGFWRMFGEALEDLESC,0
Q9NYF8-2,ERPSTTKDKHKEEDKNSERITVKKETQSPEQVKSEKL,0
Q02641-3,AASPAPVSNLQVQVLTSLRRNLGFWGGLESSQRGSVV,0
Q9Y485,DDIEVETKGSEDFLVIHARDDLTAVQGTTPYTHSNPG,0
Q9P1Z2-4,LAELGLHLKEEKCQWSKERAGLLQSVEAEKDKILKLS,1
Q9NRD1,RLVCSLWRDLIDLMTLWKRKCLREGFITKDWDQPVAD,1
P27708,GGTAAFEPSVDYCVVKIPRWDLSKFLRVSTKIGSCMK,0
Q68DK2-4,TMPSHVKAEPKDSYPGPHRHSFLDLKHFTSGISGFLA,0
Q9H4Q4,AGPAGRMRCVICHRGFNSRSNLRSHMRIHTLDKPFVC,1
Q9UN74-2,EGPPKTDLMAFSPSLPDSRDREDQLQTTEESFAKVSV,0
Q8WZ75-2,ELPSSTPARPSPQVPAVRRLPPQLAQLSSPCSSSDSL,0
Q8NB49-2,LTYISSSPDEIALVKGAKRYGFTFLGNRNGYMRVENQ,1
P12830-2,TLLLILSDVNDNAPIPEPRTIFFCERNPKPQVINIID,0
Q9Y6X4,ASFLTQSYQLPVLDTMFLRKKYRGKDFGLHMLEDFVD,0
Q8N1G2,LQCKSVFDVLDGEEMRRARTRANPYEMIRGVFFLNRA,0
A4UGR9-2,RTVQMAENFVNDPENEINRWFREFEHGPVSEAKSNRR,0
A7E2V4-5,SASGIRAGGEAGRGMPEGRGGPGTEPVTVAAAAVTAA,0
O60293-2,RKQQTKAWKKLQQQKEQERQKEEDQRKQAEEEERRKR,1
P35670-5,TVRILGMTCQSCVKSIEDRISNLKGIISMKVSLEQGS,1
P46013-2,VLKQRAKKKPNPVEEEPSRRRPRAPKEKAQPLEDLAG,1
P24043,LLNRGRLEVHLSTGARTMRKIVIRPEPNLFHDGREHS,0
Q6TFL3-3,KLADVNKELSHLHTKCADREALISTLKVELQNVLHCW,1
Q9P0K7-3,FAEPPFKAEISSIRENKDRLSDSTTGADSLLDISSEA,1
Q9NY74,KIITNETLVIEKLSNKTPRSLSSQVDTPIMTKSCVTS,1
Q01955,PGLKGKRGDSGSPATWTTRGFVFTRHSQTTAIPSCPE,0
P78527-2,WMKFLHGKLGNPIVPLNIRLFLAKLVINTEEVFRPYA,0
P0CW24,XMAVTMLQDWCRWMGVNARRGLLILGIPEDCDDAEFQ,0
Q8N1B4-2,NGTSIIQGALTQLIQLYHRFHRVLSQPQLRALPARAE,0
P78310-7,MEGYSKTQYNQVPSEDFERTPQSPTLPPAKVAAPNLS,1
Q8IVL1-5,ANAHLVAAFEQSLGNMTIRLQSLTMTAEQKDSELNEL,0
P33527-5,NILPMVISSIVQASVSLKRLRIFLSHEELEPDSIERR,1
Q92547,GTRLQTHRKTVVTPLDMNRFQSKAFRAVVSQHARQVA,1
Q5QGS0,PSIEISASSKQISLCNDQRHASNHKEDGGLKGTLKSA,1
Q5CZC0-2,ISKHKYNKTNLLYSYPKLRSCKSDSHLLASFETGTKK,0
Q2LD37-4,SSVADDHLVQKEFLHGTKRDDGQASIPTEISGNSPVS,0
Q8NEN9,IAVKEIGRDLYRGLPTEERIQKLEFMLDKLQNEIDQE,1
A0AUZ9-4,SSLPSTMESDKMLYMESPRTVDEKLKGDTFSQMLGFP,0
Q9P2G4,YPPDGPGAPAAEPWPGVIRFGRGKSCLFRLQPATLHC,0
P49454,SVKQQLENNLEEFKQKLCRAEQAFQASQIKENELRRS,0
Q8N3K9,IILPVEESKGSLIDFSEDRLKKEMQNPTSLKISEEET,0
P08243-3,DITTVRASVGMYLISKYIRKNTDSVVIFSGEGSDELT,1
Q6ZTR5,IRPAEASLLLISKPKNAVRGITMTFALKGKVLDFKAI,1
Q13618-3,NREKYTFEEIQQETDIPERELVRALQSLACGKPTQRV,0
Q01813-2,DNDFCGTDMTIGTDSALHRIIEVVDAIMTTAQSHQRT,0
O75037-3,LTSSGQVISGDACAATSTRAITSAQGEHQINQIALSP,0
Q08462-2,ARDLHLREASRSVAFTTLRLGAVTTGLLTFREPGDKE,1
Q8WZ42-3,AKNSSGHAQGSAIVNVLDRPGPCQNLKVTNVTKENCT,0
Q6KC79-2,QLCAIKLVTAVFSRYEKHRQLILEEIFTSLARLPTSK,1
Q9NVP4-2,PSGKLLAKKEQELASQKQRQEKMSDHKPLLTAISPGR,0
Q5VTR2,TLLHGTRGTHQHQVELIERDEVSLHKKLRTEVIQLED,1
A7E2Y1,DNHAGKSPNFQQPRPDKKRKYQAHFEVVHYAGVVPYS,0
Q8IVF6,NGEAKESQSIGKQNSLEERIRQQELENLLLERQLEDA,1
Q969Z0-2,FLRWEFPNFNSRSKDLLGRFVLARRHIVAAGFLIVDV,1
Q86TW2-2,SVPYGSEEYLQLRSKVHLRSARRLCELCCANRGTFIK,1
P15924,QSLDDAAKTIQDKNKEIERLKQLIDKETNDRKCLEDE,0
Q9BX66-4,PGTSRQGIFPITYVDVIKRPLVKNPVDYMDLPFSSSP,1
Q70CQ4,GPGGTAHVKLVVEWDKETRDFLFVNTEDEYIPDAESV,0
Q8TD57,GMVEKWLQQVEQMMLASMREVIGLGIEAYVKVPRNHW,0
Q86W54,ENEIKELQQVISQQKQIFRNHMSDFRIQKQQESYMAQ,1
Q13591,FPGRDPAIYRSLGILPPLRTAQYNSKWLNEPNFVSSY,1
Q5THJ4-2,VLISSKAVYFLKSGDYVDREAIFLEVKYDDLYHCLVS,0
Q13569,SSEPCGFSSNGLIESVELRGESAFSGIPNGQWMTQSF,0
Q9UPN9-2,LQHSKKGKTAQGLSPVDQRKCERLLLYLYCHELSIEF,0
C9JG80,DNLKTPPLATQEAEAEKPRKPKRQRAAEMEPPPEPKR,0
P78509-3,EMASQTFPMFISESFGSSRLSSYHNFYSIRGAEVSFG,0
Q68D86-2,NFCAHSYNTNKWDICEELRLRELEEVKARAAQMEKTM,0
O14727-5,TIHGMAGCGKSVLAAEAVRDHSLLEGCFPGGVHWVSV,0
Q9P225-2,QSEESVEPEADVKPLFLSRAALTGLADAVWTQEHDAI,0
Q6IPR1,LIAQGEFVMKELEALYFLRKYRAMKQRYYSDTNKTNX,1
Q8WZ42-5,ACKVTGTPPIKITWFANDREIKESSKHRMSFVESTAV,0
Q8IVF6,IEALNKEGNTPLLFAINSRRQHMVEFLLKNQANIHAV,0
Q99959-2,SLRHPLRRLEISPDSSPERAHYTHSDYQYSQRSQAGH,1
Q86WR7-2,GPRQPNGAQDWRRADSLPRPQGITVQFAGRGSSEEAR,0
Q8WTV1-3,LFLTLKENEKLRKRLQAQRLVMRRMSSRLRACKGHQG,1
P62324,XXXXXXXXXXXXMHPFYTRAATMIGEIAAAVSFISKF,1
Q8WZ42-3,VSSTANLSLEAPESILHERIEQEIEMEMKEFSSSFLS,0
Q8NE31-2,SAPKGPPRNLLCEQPTVPRENGKPEAAGPEPSSSGEE,0
Q6ZW13,APVLHAVASMVSAPLETLRLERKAQRLRPLYQYVNYC,1
O94964-2,RLQGEKQQVEQQVKELQNRLSQLQKAADPWVLKHSEL,0
Q6JVE5,VDSDYTQFALMLSRRHTSRLAVLRISLLGRSWLLPPG,1
Q8N3D4,QGSERANEAGGQVGPEAPRPPETSPEMRSSRQPAQDT,1
Q8WZ42-3,WSRPKDDGGSRVTGYYIERKETSTDKWVRHNKTQITT,1
Q9ULT0,NLKKGNIVKGMRELREVLRTVETKATQNFKVMAAKHL,1
Q6ZRV2,TTLVQPPPPDSPSIKDEARRMIRSAQQVVAVVMDMFT,0
Q12774,SGQAVAPSEGANKHKGWSRQGLRRPSILPEGSSDSRG,0
Q00325-2,YKEEGLKAFYKGVAPLWMRQIPYTMMKFACFERTVEA,1
Q17RC7,HPLMDKVVTFAGHLQRVARPRAQETLQEVHRFVVREY,0
P42330,SVKREDIFYTSKLWSTFHRPELVRPALENSLKKAQLD,1
Q02156,VIIDLSGSSGEAPKDNEERVFRERMRPRKRQGAVRRR,0
Q13501-2,XXXXXXXMAMSYVKDDIFRIYIKEKKECRRDHRPPCA,0
Q15645-2,VHQRGSSTAKKEDINLSVRKLLNRHNIVFGDYTWTEF,1
Q7L1V2-2,VVTKLLRWVKKEEDRLFIRYPPKYSTPPATSTDQAAH,1
Q16186,PSLVPGSRGASNKYLVEFRAGKMSLKGTTVTPDKRKG,1
Q9NT68-2,ATTTPIIGKGIMFAIKEGRVTTGVSSIASEDSRKVAS,0
Q8WXG9,IRVAEPKENTTTLQLQIARDKGLLGDIAIHLRAQPNF,1
O14830-2,TPHIVQYQANKVTHTLTMRQRISRVEESALRALREKL,1
Q96N64,PARILTITVSRKDNGLLVRQEARISWFGSPTTSFLAL,1
Q9BW71-2,EAAPPGELYRRTLDSDEERPRPAPPDWSHMRGIISSD,1
Q14980-2,TQPDGTSVPGEPASPISQRLPPKVESLESLYFTPIPA,1
A6NKD9,EGDKLLAQQAGSGEFRTLRKGFSPYHSESQLASLPPS,1
O94915,LKFGVLELQEHLDTYNVKREAAEQWLDDCKRTFGAKE,0
Q9P1Y5,VKRPTSRAPSPSGLMSPSRLPGSRERDWENGSNASSP,1
Q5VT25,HHLPFVGFTYTSSCVLSDRSCLRVTAGPTSLDLDVNV,0
P39880-6,AGTQDAAKPLEVLLLEKNRSLQSENAALRISNSDLSG,0
Q5S007,SFLDLNTEGYTSEEVADSRILCLALVHLPVEKESWIV,0
Q709C8-4,SQKQIILLEQSYQKHQISRDHGWIKLDNNFEVNFDKD,0
Q494V2,WAKEGQGTKKPWRFLQTMRLGRSPSYLSSPQQGSQPS,0
Q5SXM2,IEKYGVGHWAKIASELPHRSGSQCLSKWKIMMGKKQG,0
Q3V5L5-5,CEGMLERIHAYIQHQDFCRAPDPALPEAHAPQSPFVL,0
Q9BYE7-3,PGCSGSRPPELEPERSLGRFRGRFEDEDEELEEEEEL,1
Q9P225-2,DKLGSFFDLTFHHLCPSKRPPIFGDFLKEPKVYEDLT,0
P27338-2,PITYLDHNNFWRTMDDMGREIPSDAPWKAPLAEEWDN,0
P32856-3,SFDQDESGNRTSVDLRIRRTQHSVLSRKFVEAMAEYN,1
Q9H4H8-2,LALEELVAGGPEAFAAFLRRERLARFLNPDEVHAILR,1
Q9BX26,IITNHQKKNLFSDTETEYRCDDSKTDISWLREPKSKP,0
Q13085-3,RYRSGIRGHMKAVVMDLLRQYLRVETQFQNGHYDKCV,1
Q9Y6J0-2,VLKEKIFEEQPCLRKDSLRMFLKCWKCLGESLLAMYN,1
Q6ZSJ9,SASNNSYATLGQSQTAAKRHAFASRRHNTVEQLHYIP,0
P21333-2,GKTHEAEIVEGENHTYCIRFVPAEMGTHTVSVKYKGQ,0
Q96RG2-2,TEPLEVCLVSSEHYAASDRESPGHVPSTLDAGPEDTC,0
Q63HN8,VFLKKQEESQFHPLEWLAREACNQDALQEAGTFRHTL,0
Q9P2F8,PFGPPIPKGVTFPKSAVFRDFLLAKVINAENAAHKSE,1
P08243-3,LFDVLRADRTTAAHGLELRVPFLDHRFSSYYLSLPPE,0
P42345,LLPSNDPVVMEMASKAIGRLAMAGDTFTAEYVEFEVK,0
P52630-4,ETPVESQQHEIESRILDLRAMMEKLVKSISQLKDQQD,1
O43929,LKRTALHGESNSVLIIGPRGSGKTMLINHALKELMEI,1
Q9NR48-2,FMKNIGPPSFVDHDFLKRRLPKLSKSTAPSLALLADS,0
Q9P107-2,LRGRGPSPAAASPEGSPLRRTPLPKHFEITQETARLL,1
P48730-2,IESKIYKMMQGGVGIPTIRWCGAEGDYNVMVMELLGP,0
Q96RY7-2,LAQLQSRMALVKRFIQARRTYTEDPKESIKQCELLLE,1
Q5DID0-3,KACGKEGARAHLKVRTAARKLIGKVRIKNVRYSESFR,1
Q9Y3T6,WYRGRKPDQPLYVPRVLRRQEEWGLTSTSVLKREAPA,1
P15822,SDALRGELQESSRKSPSERHVLGQPSRLVRQHNIQVP,0
Q8IXJ9,RASSQANKQKKKTGVMLPRVVLTPLKVNGAHVESASG,0
Q5JPB2,QKQDADPGEVPGGSKESARQVGEPLESSGASLAAASV,0
Q8WZ42-3,LEPPEIDMKNFPSHTVYVRAGSNLKVDIPISGKPLPK,0
Q9H4I2,YKNKKSHEQLSALKGSFCRNQFPGQSEVEHLTKVTGL,0
Q15075,LQLQSEINQLHSKLLETERQLGEAHGRLKEQRQLSSE,1
A8MWP6-2,ESTFETCLFMAVSQMSKWRLSRVGGSRSLPAEMEVLG,1
Q9UJA3-3,QDSNTSVLEVVSEKPLSERLKVVPGETIDPIPHQLLR,0
Q8TBZ2,GKGWPFSAVTVEDYTVFERSQGSSSEDTAYLGTLASS,0
P85037-2,PPFSYAQLIVQAISSAQDRQLTLSGIYAHITKHYPYY,0
O75426-4,LSSHDIEQHAPYRHLPASRVVGTPEPSLGARAPQDPG,1
Q6UXX5,RPGVSTLQVPKYPLHTRPRVPAPKTRNNMPHLGPGIL,1
Q9UG01,WKATVNMYRASGLWEEAYRVARTQGGANAHKHVAYLW,0
O94915,NAKKVNTTTSSDSYIGLWRNYLILCCSAATSSSSTSA,0
Q92994-2,RRTVKEVISVVKVCESTLRKRLTEFEDTPTSQLTIDE,0
Q9C0E4,AHRGGLQPFDRVLQVNHVRTRDFDCCLAVPLLAEAGD,1
Q9BZ23-4,CCLLTGCTTFEEALEMASRGDSTKVDKLVRDIYGGDY,0
Q658T7-2,XXXMTARRDPKPGAKRLVRAQTLQKQRRAPVGPRAPP,1
Q9Y4A5-2,LAKPIDKQHTDTVVNFLIRVACQVNDNTNTAGSPGEV,0
Q8N3K9,KPADHSLSEVKLKTADEPRGTLVKSGDGQNVKEKSMI,1
Q08211,KFESEILEAISQNSVVIIRGATGCGKTTQVPQFILDD,0
O60506-4,DLEGENIEIVFAKPPDQKRKERKAQRQAAKNQMYDDY,0
Q9UPX0,VSSTDIFPQPDLTEDGLARPVLAGIVATICFLAAAIL,0
Q92626,NQIETLDPDSFQHLPKLERLFLHNNRITHLVPGTFNH,0
O95602,HLHEVLSRADPKKALHHFRAIKKWQSKHPNTLLRRGA,0
Q8N3V7-2,KVYSEVHFTLAKPPSVVNRTARPFGIQAPGGTSQMER,0
Q14315-2,GLNSKVAVGQEQAFSVNTRGAGGQGQLDVRMTSPSRR,0
Q92636,TSQDSTLKMFSKESKMLQRSISFSNMALSSCLLLPGD,0
Q86WT6-2,EVAKKTKWTVGVVRESIIRKGSCPLTPEQGFWLLRLR,0
O95785-2,PPGSPLGHSPTASPPPTARKMFPGLAAPSLPKKLKPE,0
Q96JQ0,EGSGVGTDLAIDEHSGVVRTARVLDREQRDRYRFTAV,0
Q96B36,RPEELWEAVVGAAERFRARTGTELVLLTAAPPPPPRP,0
Q8NEY1-6,DAGRDRLSDAKKPPSGIARPSTSGSFGYKKPPPATGT,1
Q96QU1-4,SESTESEGEKARKNIVLARRRPMVEEVKEVKGRKEEP,1
Q9UPA5,SMADAAPPGQSSSPFYGPRDPEPPEPPTYRAQGVVGP,0
Q6ZRV2,FPTKVPVPGPGSGGNGPEREGPEEPGLAKQDSFRSRL,1
Q8IUD2-5,YGSARSVGKVEPSSQSPGRSPRLPRSPRLGHRRTNST,1
Q14534,FFWAKSPPESENKEQLEARRRRKGTNISETSLIGTAA,0
Q6ZUT9,DLVKQCRTPPQQKSPTTARRLSITSLTGKNNKPNAGQ,0
Q9UPA5,GGPRPRPEPSQEPAALPKRRLPHNATTGYEELLPEGG,0
Q8WZ42-3,KISETKKSDQKTTESTVTRKTEPKAPEPISSKPVIVT,0
O15055-2,DCDDSGKELGMLVEPPDARQSPDTFSLMMAKSEHNPS,1
Q14997-3,NPCEISGCPKPTQIIAGDRPDNHWLHYDSKTIPRTKK,0
Q9UPU5,KEMLGSSLIKPLLDDFLFRASRIILNSHSPAGSAAIS,0
Q92830,RQLLEKFRVEKDKLVPEKRTLILTHFPKFLSMLEEEI,1
Q8TD57,LREAEGKLAAQMQKLNQKRAELKLVVDRLQALNDDFE,1
Q8IX18-4,TDILFGLLKKLFQEKSPNRKEHLKVVVMSATMELAKL,1
Q92817,RSGVEKEVEKLLPDLEVLRAQKPTVEYKEVTQEVVRH,1
P56696-2,TSPTKVQKSWSFNDRTRFRASLRLKPRTSAEDAPSEE,1
Q9NYF8-2,IQHSPERSGSGSVGNGSSRYSPSQNSPIHHIPSRRSP,1
Q9NQ75-2,SNLQNRIRDQMQTISNSYRILLETKESLDNRNWPLEV,1
Q9ULH4,SARGHHSDREPLLGPPAARARSLLPLPLEGKAKRSHS,1
O15195-2,LRAATPSKDINQLQKANVRLYHVYEKGKDLLQEEDFY,1
P0C6A0,LGTQGRLLLDRDSKDTQTRISQKGRRLQPPGTPSAPP,1
Q8TEC5,LLDGVRSGQSSGRGGSFRRPGTMTLQDGRKSRTNPRR,1
Q6WQI6,WGLGIAPWVDGESELEFRRLGMQGPLEALRRREWNTQ,1
Q14657,PDAEPHQRVVGKDLTVSGRILVVRWKAEDCRLLRISV,1
P35221-3,IVLAKQMCMIMMEMTDFTRGKGPLKNTSDVISAAKKI,0
Q14534,ATFTYFYKKFGDFITLANREVLLCVLVFLSLGLVLSY,0
Q2M2H8,NSTAAWWKKEIEELYANPREPEKSLKFDGLWIDMNEP,1
Q6NVY1-2,EQLKVINKMSPTSLKITLRQLMEGSSKTLQEVLTMEY,1
Q03001,VQHLQSACASSHQFQQMSRDFQAWLDTKKEEQNKSHP,0
Q15121,FEISRRPDLLTMVVDYRTRVLKISEEDELDTKLTRIP,1
P51812,GVLMFEMLTGTLPFQGKDRKETMTMILKAKLGMPQFL,0
A4UGR9-2,VKIVIDREQNNDALEKSLRRLSNSHHKSNVLESGDKT,0
Q8N998,QIAKAEETHSSLSQELQARLQTVTREKEELLQLSIER,1
Q9UKX5,ASLHFEPSKINIFHRDCKRSGRDATCLAAFLCFTPIF,0
Q15051-2,RLQHYFMGRALEERAQQHREALIAQISTNVEQLMKAP,1
Q0VDF9,NGFTADDINKVVLCGGSSRIPKLQQLIKDLFPAVELL,1
P40938-2,TRIMCILRELYGVGVEKLRIEHQTITTPSKKKIEIST,1
Q8IVL1-5,NTPELNCKGNGTAQSADLRIRRQHSSDSVSSINSATS,0
Q14344,PAIRALWADSGIQNAYDRRREFQLGESVKYFLDNLDK,1
Q8WYQ9,PTVSFGPRTKVVHASTLDRVLKTAQQPALVVETSTAA,1
Q13569,NMVERTTPGSKDLSSKEFREGGRILVQKLQKYQPRIA,1
Q9H3U1,LISNLLDLLTEVGVSGQGRDNALTLLIKAVPRKSLKD,0
Q8WZ42-3,VCVENTTDLASILIKDADRLNSGCYELKLRNAMGSAS,0
Q9H0C1,YLFEGKHEDAVPAALQSLRFRVKLYGLSSVELVPAYL,1
O75390,WLTQLQKEVGKDVSDEKLRDYIWNTLNSGRVVPGYGH,1
Q5VVP1,SQQATLKSQGCPNRDRQIRNQQPLKSVRCNNEQWGLR,1
P42704,YLPAARAGPVAGGLLSPARLYAIAAKEKDIQEESTFS,0
Q96K12,LKVIYILVRPKAGQTLQQRVFQILDSKLFEKVKEVCP,1
P13995,LRPFHLAAVRNEAVVISGRKLAQQIKQEVRQEVEEWV,1
Q9H7N4,SSPKREVLYDSEGLSGEERGGKSSQKDRRRSGAASSS,0
P0DMS9,RRRSQRNRRVGNTLKPFSRVLTPKEMAPTEQMXXXXX,1
P13612,KNENKLPTGGCYGVPPDLRTELSKRIAPCYQDYVKKF,0
O60861-2,EDIKKARRKSTQAGDDLMRCVDLYNQAQSKWFEEMVT,0
Q7LFX5-2,PWQKELVCCYYASGIVGLRFSIGTERSVLMCKCCSPL,1
Q8TBC4-2,YLVFNDVDGLYTYTFEAERKENCPACSQLPQNIQFSP,0
Q9H251-4,AILLFLAAMLFVLMNWYYRTVHKRKLKAIVAGSAGNR,0
Q9UNA1-2,ESRVSEIHSLVHRLPEKNRQMLQLLMNHLANVANNHK,1
Q6TFL3-3,KLNEDIEEQKKVIIDLSKRLQYNEKSCSELQEELVMA,0
Q9H3U1,RAIQTVSCLLQGPCDAGNRALELSGVMESVIALCASE,0
O60506-4,GARGRGGRGARGAAPSRGRGAAPPRGRAGYSQRGGPG,1
P18206-2,AKQCTDKRIRTNLLQVCERIPTISTQLKILSTVKATM,1
Q96H86-2,VSFADVAVYFCREEWGCLRPAQRALYRDVMRETYGHL,0
Q8NEY1-6,LGDLEQLLFSQMLDPESQRKRTVQNVLDLRQNLEETM,0
A5PLN7-2,AKKTPVPWRLPSLASDSQRLKTPNIYSDEVLRGTKLP,1
Q8IY33-3,VDSLDEDRLREQEEDQMLRDMIEKLGLQRKKSKFRLS,1
Q01538,GLFIQPEDAEEVVEVTTERSQDLCPQSLEDAASEESS,0
P15924,EEEYENLLKASFERMDHLRQLQNIIQATSREIMWIND,0
O95602,AAQTEKSYEKSELSLDRLRTLLQLKWQRSLCEPGEAV,1
P11274-2,QPAPADGADPPPAEEPEARPDGEGSPGKARPGTARRP,1
C9J069,PPPGTAGLDQDGEAGRRAREVAFIHIQRELRLRGVFL,1
Q9Y3E7-2,VMKAMQSLVKIPEIQATMRELSKEMMKAGIIEEMLED,0
Q494V2,ETEKTLEELSHTLKHTQIRMDREVNQLKQWVTTMMMS,1
P18627-2,LAPGPHPAAPSSWGPRPRRYTVLSVGPGGLRSGRLPL,1
Q5QGS0,YSNMSTLGNNGPTHKKLYRHKSSSKALRDEKCKGKHM,0
P49411,AGDNLGALVRGLKREDLRRGLVMVKPGSIKPHQKVEA,1
P41218,VKKINQEEVGLAAPAPTARNKLTSEARGRIPVAQKRK,0
Q92736,QNLFQEEGMINLVLECIDRLHVYSSAAHFADVAGREA,0
Q9H089,SQRIKKLHEENKQFLCIPRRPNWNQNTTPEELKQAEK,0
Q8NCM8,SSLKITYESPPGLKKNLMRTYESWTPEQISKKDNTHR,0
Q92793-2,HLGNPEQSAMLPQLNTPSRSALSSELSLVGDTTGDTL,0
Q8WWI1-3,VGWLYLRDRVCSKKDIILRTEQNSGRTILIKAVTEKN,1
P48594,EEKLTAEKLMEWTSLQNMRETCVDLHLPRFKMEESYD,1
Q2LD37-4,HNQSVGEGISAAIQDFQVRQYIEQLNNCRIGLQPAVL,0
Q9HCS5,LDHVFHHVNLVEIDYFGLRYCDRSHQTYWLDPAKTLA,0
Q96RG2-2,EADGHAAVVFGTVVDIISRSGEKIPVSVWMKRMRQER,0
Q9BZ29-3,LTFFHVSCDNSSKGSTKKRDVVETQVGYSWLPLLKDG,0
Q15723-4,ASSRSPTTTASVSATAAPRTVRVAMQVPVVMTSLGQK,0
Q8N139,SMDEADILADRKVIMSNGRLKCAGSSMFLKRRWGLGY,1
Q8WZ42-3,AQRTTTTAVHIQPAQEQVRKEAEKTAVTKVVVAADKA,0
Q15262,NAPTYKLWHLDPDTEYEIRVLLTRPGEGGTGLPGPPL,1
Q86XH1-2,PVKSIPFDEAVKLIQIAERARQGRLRALFMKQIYLQE,0
Q9Y5G6-2,RTQLFALNQRSGSLVTAGRIDREEICAQSARCLVNFN,1
Q562E7-4,SSSQASPGLLSFSVASASRPGRRNKAAGADPGEGEEG,0
Q5VYS8-2,QAEERLKRDCIDRLKRRPRNYPTAKYTCRLCDVLIES,0
P49761-3,ERSPSFGEDYYGPSRSRHRRRSRERGPYRTRKHAHHC,0
Q460N5-3,AVGPRWSGYEAPRCVYLLRRAVQLSLCLAEKYKYRSI,1
O43272-2,SGRVSDDGFIAIKLTALGRPQFLLQFSEVLAKWRCFF,1
Q96B77,SGISGFALTMLCWMSYFLRRLVGILYLNESGTMLRVA,0
P49454,DLSSRSLLGIDTEDAIQGRNESCDISKEHTSETTERT,0
Q0VDD8-4,FFFPQAFLAAVLQDYGRSRGIAVDALTFTHHVISNTT,0
Q2YD98,EHAEIRLSAFQIVEELFVRSHQFRMLVVSNFQEFLEL,1
Q9Y6J0-2,AGAEEQRQFLTEQCIASFRLCLSRFPQHYKSLYRLAF,0
Q9BYN0,WIKGAQGGDYFYSFGGCHRYAAYQQLQRETIPAKLVQ,0
Q9Y678,KPFDLKSVPLATAPMAEQRTESTPITAVKQPEKVAAT,1
Q75WM6,PPCARAKEEAGATAADEGRGQAVKEDTTPRSGKDKRR,0
Q8TB22-4,FVGGTYFPPEDGLTRVGFRTVLLRIREQWKQNKNTLL,1
O43272-2,GYEDPINPTYEATNAMYHRCLDYVLEELKHNAKAKVM,0
Q13002-3,XXXXXMKIIFPILSNPVFRRTVKLLLCLLWIGYSQGT,1
Q8N139,SSMFLKRRWGLGYHLSLHRNEICNPEQITSFITHHIP,0
O95425-2,VYLWQGWWPIENKITGSARIRWASDRKSAMETVLQYC,0
Q7Z465-2,YHGDGLNAVILFASCYLPRSSIPNYTYVMEHLFRYMV,0
Q6MZQ0-4,FKGGGLQSNELYALNENIRRLLKSELGSFITDYFQNQ,1
Q9NZR2,VEYLALNIDKTKGVLISHRYKQLDLPNPCLDLACEFL,0
Q5HYC2-2,XMSVPGTPGAMEPAGEEERPPPAAEGEDDEEEVAAAA,0
Q8NCM8,KPEILPLFQEAEDKNRLLRTVAGGGLETISNLKAKWD,1
Q8WZ42-3,VCEALQFLHSHNIGHFDIRPENIIYQTRRSSTIKIIE,0
Q8IVF6,QALLSSMDQEYAGPGYDIRDWELRKIHRAAIKGDAAE,0
O95359-3,PKMKKTPEKLDNTPASPPRSPAEPNDIPIAKGTYTFD,1
Q8WZA0,LFAKKQPGQLRTRLAEMDRDLMVGKLERDLYTQQKVE,1
Q8WUY9-2,LLPPENRRKLQLLMRMMARICLNKEMPPLCDGFGTRT,1
C9JG80,ADDNIKTPAFHPQRMIISRHLPSVSSLPFHPQLHPQQ,0
Q6ZR08-4,QQQKINQLVIDGAKRNLDRTLGKRTPLLPPPDYPQTM,1
Q8N3K9,LVMEEAKTIVPPHVTDSKRVQKPAIAPPSKWNISIFK,0
Q99523,PSICLCSLEDFLCDFGYYRPENDSKCVEQPELKGHDL,0
Q14643-4,DEIKERFAQTMEFVEEYLRDVVCQRFPFSDKEKNKLT,1
P11413,FCGSQMHFVRSDELREAWRIFTPLLHQIELEKPKPIP,1
Q9NRH2-2,YDLDKTLGRGHFAVVKLARHVFTGEKVAVKVIDKTKL,1
O14795-2,RLQDLKSTVDLLTSITFFRMKVQELQSPPRASQVVKD,0
Q9NT68-2,AVNPMDNSLYVLENNVILRITENHQVSIIAGRPMHCQ,0
P83436,VQLLAAWQELCQSDLSLDRQLTGLYDALLGAWHTQIQ,0
P49454,TILREPTTKSVPVNNLPERSPTDSPREGLRVKRGRLV,1
Q8N4C6-6,KQLQVKLEEEKTHLQEKLRLQHEMELKARLTQAQASF,1
P12270,PDTEEYRKLLSEKEVHTKRIQQLTEEIGRLKAEIARS,1
Q15276-2,TEALRELVLKYREDIINVRTAADHVEEKLKAEILFLK,1
P35221-3,KLAQENMDLFKEQWEKQVRVLTDAVDDITSIDDFLAV,0
P28827,YKAVSSFDPEIDLSNQSGRVSKLGNETHFLFFGLYPG,0
P51797-6,LLGATFNCLNKRLAKYRMRNVHPKPKLVRVLESLLVS,1
Q9P2D1,FLSEIEDELFNPDYVEVDRIMDFARSTDDRGEPVTHY,0
Q6AHZ1-2,EKQVSSIPQDVRDSEKMPRISGFGTLLKTQSDAIITQ,1
Q15398-1,NAVKAEPKKAIPSSVRITRSKAKDQMEQTKIDNESDV,1
Q13625-2,AVRPFTPQPSKDTLLPPFRKPQTVAASSIYSMYTQQQ,1
P49759,RRCKPLKEFMLSQDVEHERLFDLIQKMLEYDPAKRIT,1
Q9BWN1,ETKTMGKVSRFRIRRTPARPQLNLTPMGLPRPIRLNK,1
Q8NDI1-3,MVECTKKWQPDKLVVVWTRRSRRKSSKAHSWQPGIKN,0
Q02224-3,DIQKDLDKSKDELQKKQDRQNHQVKPEKRLLSDGQQH,0
Q9UQ35,RRGEGDAPFSEPGTTSTQRPSSPETATKQPSSPYEDK,1
Q96H22-2,RNTPLLGQELEATGKIYLRQEEIILDITEMKKACNXX,1
Q8IWX7-2,TDQLVAVEALIHASTKLSRATFIITNGVSLLKQIYKT,1
Q8WZ42-3,AGVEVKKEVGVSITGTTVREERFEVLHGREAKVTETA,0
P18206-2,AMANIQPQMLVAGATSIARRANRILLVAKREVENSED,0
Q96TA2,WHIRPEPFSLSIPPSLNLRDLGLSELKIGQIDQLVEN,1
Q92540-2,VVTFKENIKTREVNRDQGRSFPPKEVKSQTELRKTPV,1
Q86VQ6,EMAEKVGSYMEQHGVKFLRKFIPVMVQQLEKGSPGKL,1
Q9H1B7,GPNGFPKPTPEEGPPELNRQSPNSSSAAASVASRRGT,1
Q8WXX0-4,FHNCQDALELSSFQNIIMRHMDSAKETLLKMWFPEVQ,0
Q8NGC1,MLFLFIVGSYALVVRAVLRVPSAAGRRKAFSTCGSHL,1
Q3B820-2,LYVSSSEEELPNLEKEYPRKNRMMTYAKELINNMWTD,1
Q8N823-2,RKSTIETHKRIHTGEKPYRCKVCDTAFTWHSQLARHR,1
Q96K21-4,RLAMLRGQDPERVTLQDYRLPDSDDDEDEETAIQRVL,1
P51812,NRNQSPVLEPVGRSTLAQRRGIKKITSTALXXXXXXX,1
Q9H6A9-2,GSLSQELSKSFLTLTQPDRALVRTSSRREQRRGAGGY,0
Q9GZY8-4,PPRVLTLSERPLDFLDLERPPTTPQNEEIRAVGRLKR,1
Q9NYW8,GKNLESISQLISSDGSYARTKPDECNECGKTYHGEKM,1
Q5EBL2,QCPDCPKAFKRSSLLQIHRSVHTGLRAFICGQCGLAF,1
Q16473,FGVPSPSTLEPHPRPLLQRELMVPGTRHSAVLRDLRS,1
Q92845-4,THYKIGALCMNIIDHELKRHELWQEELSKKKKAVDED,1
Q8N187-3,ATCPARIYIKKVQKFPEYRVPTDPKIDKKIIRMEQEK,1
Q10567-2,YATEVDVDFVRKAVRAIGRCAIKVEQSAERCVSTLLD,1
Q8TEM1,RVVVKAVDPTSGQLYGLARELSDEIQVQVFEKLQLLN,0
Q8N8E1,GCSAALSPRGRGSKGLGTRAPGPRGDGQQPPLGTGGD,1
Q9Y4A5-2,QEVKRFRTATGAISAVFGRSQSLPGADSLLAKPIDKQ,0
P12034,EKKKPPSPIKPKIPLSAPRKNTNSVKYRLKFRFGXXX,1
Q13094,DIIDYFRKMPLLLIDGKNRGSRYQCTLTHAAGYPXXX,1
Q92616,APRIKNPFLSLAACVMPSRLKALGTLVSHVTLRLLKP,0
O43424-2,NPNVHFEILGTNYGEELGRGVRKLGCWNPVTGLNGSL,0
Q16690,VNLNSVVLRRARGGAVSARYVLPDEAARARLLQEGGG,1
Q9NU22,NLAPTDVLEALNRLLDDNRELLVTETQEVVKAHPRFM,0
Q9NYF8-2,KLKDLFDYSPPLHKNLDAREKSTFREESPLRIKMIAS,0
Q5T011-5,ILSEFTALVTSMAGDTSVRIFEQHLGSEPEIFGPCSP,0
Q13255-2,SCLGILVTLFVTLIFVLYRDTPVVKSSSRELCYIILA,0
Q9C0A0,VTGAVLKTLLLLSTQNWNRVEAGNSYDCDDPLVSALP,1
P46937-5,LRKLPDSFFKPPEPKSHSRQASTDAGTAGALTPQHVR,1
Q9H6F5,AGLESPQGQPEPGAASPQRQQDLHLESPQRQPEYSPE,1
Q8TAQ2-2,PNVKYYEAADTVTQFDNVRLWLGKNYKKYIQAEPPTN,0
P12111-4,LALTETDICKLPKDEGTCRDFILKWYYDPNTKSCARF,0
Q96K21-4,RLLAEAALELREENTRQERILALAKRLAMLRGQDPER,1
Q9NS56-2,RSTSLSSPRNLNSSVRGDRVYSPYNHRHRKRGRSRSS,1
Q8WWR8,WLLYSHPVGRRARLHMGIRLSQSPLDPRSWTEPWVIY,1
Q9Y297-2,VAKTKLANGTSSMIVPKQRKLSASYEKEKELCVKYFE,1
Q9NU22,ASQWTLKKSLLQAWGLILRANILEDVSLDELKNFVHA,0
Q96GC9,XXXXXXXXMAENGKNCDQRRVAMNKEHHNGNFTDPSS,0
Q8NFC6,LAKEKYKSDKDSTSTRLERKLSDGHKSRSLKHSSKDI,0
Q96N23-2,ATSNCTDLLKMLISSEYSRAKALVCVPVDVTDTLRCF,0
Q93099,SGSAFTCPRSTNKRSWLYRILPSVSHKPFESIDEGQV,1
Q92609,LSSKNISSSPSVESLPGGREFTGSPPSSATKKDSFFS,0
P15559-3,WEVVESDLYAMNFNPIISRKDITGKLKDPANFQYPAE,1
Q5CZC0-2,RLKSFICPKLHMGFKSSLRSQLSKYTAKIVNIVLCAI,0
Q9NRC6,QVETLQGLLKQVQEQVAQRARRQAETQARQSFLQESQ,0
Q86SQ0-2,LGRADFDHYTGRDSERALRLSEKPPYSKYSSRHKSHD,1
O14795-2,ILLDTRFELPFDIPEEEARYWTYKWEQINALGADNEY,0
P41182-2,NSLNQNAKPEGPEQAELGRLSPRAYTAPPACQPPMEP,1
Q96SD1-4,AEEYFQWSKLPCGITSRNRIPLHIISIKPSTMWFGER,1
Q96K76-2,TAYQKAGGDSGNVDDDCERVKGPVGSLKSVEAILEES,1
Q14764,TALHLRARRNFRDFRGVSRRTGEEWLVTVQDTEAHVP,0
Q86WA8-2,GREFHRIALGGVCDQSDIRGHRRTYVGSMPGRIINGL,0
P12111-4,VFFKLVDKSTELNEEPLMRFGRLLPSFVSSENAFYLS,0
Q16620-6,VAVKTLKDASDNARKDFHREAELLTNLQHEHIVKFYG,1
P46379-5,AEGAPPPGPAPPPATSHPRVIRISHQSVEPVVMMHMN,0
Q8WZ42-3,PSISWLKDGLPLKESEFVRFSKTENKITLSIKNAKKE,0
Q9UPW5-2,TIYVDWHRHDNRHRNMLIRKGILQSLKSVTNIKLGRK,1
Q9Y2G9-3,AGVGKGRTVAGVILENHLRGRKKALWFSVSNDLKYDA,0
Q8N5D0-5,GASGPFVRLYDIRMIHNHRKSMKQSPSAGVHTFCDRQ,1
P07864,NSRIVIVTAGARQQEGETRLALVQRNVAIMKSIIPAI,1
Q5JV73,LAQHLNKDSLLARKDLPFRIQSCAAQAVLTAPYSLGR,1
Q15723-4,LDLLQDKNTCPRYIKWTQREKGIFKLVDSKAVSKLWG,1
P13929-3,RAAVPSGASTGIYEALELRDGDKGRYLGKAKFGANAI,0
A5PLN7-2,TDKGVQHFQGSTPASAVHRPPLSACGHSSNIRELCIS,0
Q9UGJ0-2,FIHPDTPIIKALNIFVERRISALPVVDESGKVVDIYS,1
P78527-2,HAFGSATQFLPVPELMPFRLTRQFINLMLPMKETGLM,0
A6NFU0,TKVLTDFDGRVLTEAAQVRVGSDMLTRFSIRMFSLLV,1
Q9C0D0-2,XXMDYPKMDYFLDVESAHRLLDVESAQRFFYSQGAQA,0
Q6R327-3,FSYLNERGYVAKQLEKWHREYNSKYVDLIEEQLNEAL,0
O75390,GHIPTEEQVSWLSKEWAKRAALPSHVVTMLDNFPTNL,0
Q9UJ94,VSLPEPHFELSEGLRLAFRGSQSSDSIRYRRGGNEGV,1
P39880-6,TIALEKEQKLQNDFAEKERKLQETQMSTTSKLEEAEH,0
P29376-5,SPQDELDFLMEALIISKFRHQNIVRCVGLSLRATPRL,1
Q5T011-5,GSHGEPSSAAWAWHSHEDRAEGIEGETLTASPQAPGS,0
Q8TAF3-4,ATTKSTVNKWTLKGIHNFRASGDYDNDCTNPITPLCT,1
Q4KWH8-3,GTLTFEEFCVFYKMMSLRRDLYLLLLSYSDKKDHLTV,1
Q9NP74,LKIEEDKLKHQHLKKKALREKWLLDGISSGKEQEEMK,1
Q03001,NMKSVVSWHYLINEIDRIRASNVASIKTMLPGEHQQV,1
P07949-2,LWEIVTLGGNPYPGIPPERLFNLLKTGHRMERPDNCS,0
Q5T7N3,RLLLAHPACDSSLTDKAGRTALSIALKSPTHMEIAGL,1
Q9Y4I1-2,MLEHETIQGVSGVKPTGLRKRTSSIADEGTYTLDSIL,0
Q9C0E4,SDADEDPADALKGGLPAARFSPAVPSVDSAVESWDSS,0
O95602,NLSGKAKITGKAWVKETPRSVPGFNPDSMCESQVIIR,0
Q5TAX3,GKIGHYMKDCPKRKSLLFRLKKKDSEEEKEGNEEEKD,1
Q9P2F8,PPKKDCSKELTCKALWESRSQTSYESITSVLQNGQSD,0
Q9NRJ7,PSEDISKTLEVNPMTGEVRLRKQVDFEMVTSYEVRIK,0
Q96GQ7,TMTDEVKDLASVSLKNPVRIFVNSNTDVAPFLRQEFI,0
Q9UPX0,NDLKLRVRILIDGTLIIFRVKPEDSGKYTCVPSNSLG,1
Q7Z333-3,IHGPPGTGKSKTIVGLLYRLLTENQRKGHSDENSNAK,0
Q8N5S9,SEELKDLILKMLDKNPETRIGVPDIKLHPWVTKNGEE,0
P0CW24,AHLTEPLDEALRKLRMAGRSPSFLEMLGLVRESEAWE,1
P0C7T7,ESGAPVRLGLRQRAVSSSRNPNSAGRTPNSYLTQAPV,1
Q92622-3,EGAGMELGGGEERLPEESRREHWQLLGNLKTTVEGLV,0
O60828-7,WLSPHDPNSVVTKSAKKLRSSNADLCPQMLKKSWTGA,1
P42704,RTGRIPKKLLQKVFNDTCRSGGLGGSHALLLLRSCGS,0
Q63HN8,LCAWVEKFINVKAHHFQKRHKYSPSDVFIGYHSDACA,0
Q9UJ98-2,AKRPPKTTPVAKHPKKGSRVVHRHSRKQSEPPANDLF,1
Q96T58,KGSPKVDEKVLPYSNITVREESLKFNPYDSSRREQMA,0
Q9P2W1-3,NIKAATNHVTPEEKEQVYRERQKYCKEWRKRKRMATE,1
Q12923-2,TFEVKLFKNSSGLGFSFSREDNLIPEQINASIVRVKK,0
P32019-3,GSDDWDTSEKCRAPAWCDRILWKGKNITQLSYQSHMA,1
P28827,QDGYRMVQQFQFLGWPMYRDTPVSKRSFLKLIRQVDK,1
Q9H4L4,PTHRKTCSQRRRRAMRAFRMLLYSKSTSLTFHWKLWG,1
Q9Y2B5,RQMMENLVIAKAREETLQRKMEERRLRLQEAANRRFC,1
Q8WXR4-6,LKYYHVEQLNLLLREVIGRVVVLQAYTKGWLGARRYK,1
Q9Y4G8,HLSITVKTNLFVFKELLTRLSEEKRNGAPHLPKIGDI,1
Q8N1G2,QDQDKLSKEDVLSFIQMHRAXXXXXXXXXXXXXXXXX,1
Q9H040,PRVSFANQKAFRGVNGSPRISVTVGNIPKNSVSSSSQ,1
O75342,LLEHRKEEIRAKQDFYHWRVFLPGLPSYVHIPSYRPP,1
P13612,AIYIYNGRADGISSTFSQRIEGLQISKSLSMFGQSIS,1
P59533,LRRAVMTILLWAQSSLKVRADHKADSRTLCXXXXXXX,1
Q96MK2,VGFLPLTFGPHASIEEEAREDPLPPGLLPEMAHLSGG,0
Q9H8H0,GCGLGFQNSEQSRRILRRRKIEVSLQPEVPPSKQLLS,1
Q5T011-5,APGPAPLFPPLAAEVGMARARLAQLVRLAGGHCRRDT,0
P15822,AVTELPKVVVHHVTVSPLRTDSPKAMDPKPELSSAQK,0
O75037-3,SGAEVSASTTSSEAESGARSVSSIVRQWNRKINHFLG,0
P18206-2,KLVQAAQMLQSDPYSVPARDYLIDGSRGILSGTSDLL,0
P04275,DVAFVLEGSDKIGEADFNRSKEFMEEVIQRMDVGQDS,0
Q9Y5H9-3,XXXXXMASSIRRGRGAWTRLLSLLLLAAWEVGSGQLR,1
Q15051-2,YCYDLIQYCLLVLSQDYSRIQGGWTTISQLTQILSHC,0
Q9NRJ1,TPVIPALWKAEAGGLPELRSSRPAWTTWXXXXXXXXX,1
P04275,YVGGNMEVNVYGAIMHEVRFNHLGHIFTFTPQNNEFQ,0
Q9BX97,RSLRADIERVARENSDLQRQKLEAQQGLRASQEAKQK,1
Q9Y485,VKQEEIQETFIKNIFTKKRCLNEIEADLGYPGGKARI,1
Q92752-2,KVVYSTLAGEQYHEVLVPRGIGPTTRATLTDLVPGTE,0
Q9BQ83-2,TARRVQQHNGGRKKGGAWRTSGRGPWEMVLVVHGFPS,1
Q99958,NAPEKKITLNGIYQFIMDRFPFYRENKQGWQNSIRHN,1
Q9UG01,YATRSAAQSVKQLETVAARLSVSLLRHTQLLPVDKAF,1
Q15022,YSSGHNRLYFHSDTCLPLRPQEMEVDSEDEKDPEWLR,1
Q9Y4A5-2,ADFIAAQIKTLSFLAYIIRIYQELVTKYSQQMVKGML,1
P09619,VSSTFVLTCSGSAPVVWERMSQEPPQEMAKAQDGTFS,0
P30559,TWLGCLVASAPQVHIFSLREVADGVFDCWAVFIQPWG,0
P58499-3,RGINIAIVNYVTGNVTATRCFDMYEGDNSGPMTKFIQ,1
Q9BSU1-2,ILNLTQDGIKLMFDAFNQRLKVIEVCDLTKVKLKYCG,1
O95785-2,EGSLAGSLAAPDRPQGPERLPGPAPRENIEGGAEAAE,1
Q13332-3,SNGRIKQLRSETFESTPIRGALQIESSEETDQGKYEC,1
Q7Z2E3-4,GLETHRKRKRSGNSDSIERDAAQEAEAGTGLEPGSNS,1
Q14247-3,RAKTQTPPVSPAPQPTEERLPSSPVYEDAASFKAELS,1
Q8IYB3-2,PRRRTPSPPPRRRSPSPRRYSPPIQRRYSPSPPPKRR,1
O14727-5,TGSSDCFLKLWDLNQKECRNTMFGHTNSVNHCRFSPD,0
Q9H3U1,XXXXXXXMTVSGPGTPEPRPATPGASSVEQLRKEGNE,1
Q96L93-6,VAHLEEQLREKQEMIQLLRRGEVQWVEEEKRDLEGIR,1
P42704,KEAVTTLKTVLDQQQTPSRLAVTRVIQALAMKGDVEN,0
Q96L93-5,GLQASLEAEQEALEKDQERLEYEIQQLKQKIYEVDGV,1
Q5VT06,ARKERQLILKQQEEIEKIRQTTIKLQEKLKSAGESKL,1
O14647-2,KILPVETDKKPQGKQLQTRADYLLKLLRKGLEKKGAV,0
A4D0S4-3,DLLTILDTLTSKGNLSLERLKQIKIPDIQILNEKVCG,1
Q8WZ42-3,YQIESSIDFQITFQSGIARLMIREAFAEDSGRFTCSA,0
Q68D86-2,WSKVRAERNSAREEGRQLRIKLEMAMKELSTLKKKQS,1
Q13332-3,SPTPYKIQYNGLTLDVDGRTTKKLITHLKPHTFYNFV,0
Q9P2N5,QKMLISKLEKNKNMKPEERANIMKTLKELGEKISQLK,1
Q8ND61-2,CPEAREKLQELCRHIEAERATWKGRNISYPMILRNYK,1
Q63HN8,EIIFGSGFPKDQEYTQLCRNINRVKICMETGKMVLLL,0
Q2LD37-4,WGWIMFECGLENLTIKGGRQSGAVLYNSFGIMGKASD,0
P20929-3,LEWLRGIGWIPLDSVDHVRVTKNQEMMSQIKYKKNAL,0
Q92608,MLVGDIIQIRKDYPHLVDRTTVVARKLGFPEIIMPGD,1
Q96P71-3,DATKLEYERASKVDQFVTRFLLRETVSQLQALQSSLE,1
Q6PCB7-2,NCSIANMDGKVGSCGFNSRILPHVYPIRLVKVNEDTM,1
Q15582,KYHIGDEILVSGGIGALVRLKSLQGDKLEVSLKNNVV,1
Q6QEF8-5,AERFAAHEGMRPMRAVFTRQGHIFTTGFTRMSQRELG,0
P46939,SSAALQNLIEGSEPILEERLCVLNAGWSRVRTWTEDW,0
Q8WWU5-3,ENITDPVWLLRGIFQVLGRMKMDMVNYTIQSLQPHLQ,1
Q5T2N8,DVMVHFDLPGQEERARLVRMYLNEYVLKPATEGKRRL,1
Q96JQ0,DVAPGTSVGIVQAHNPPGRLAPVTLSLSGGDPRGLFS,0
O43633,MAKDLVRTRRYVRKFVLMRANIQAVSLKIQTLKSNNS,1
Q12840,THTMEGKLHDPQLMGIIPRIARDIFNHIYSMDENLEF,0
Q9UK58-6,KKEPEDRQQASKSPYNGVRKDSKRSRNSRSASRSRSR,1
Q8N4W6,YALWAVGGPAGLHHLYLGRDSHALLWMLTLGGGGLGW,0
P23434,LGVGAVRTLRTGPALLSVRKFTEKHEWVTTENGIGTV,1
Q9NP71-4,LDQYCSLPALRPTVLNSLRQLGTSTSILTDPGRIPEQ,1
Q5MNZ6,KTVIEIEFSTEVKAVKLRRDRIVVVLDSMIKVFTFTH,1
Q4KMP7,QRIDPVLYMTEWFMCIFARTLPWASVLRVWDMFFCEG,0
Q86YW9-4,PRQGLQQTQQQQQTAALVRQLQKQLSSNQPQQGVTPY,1
P54855,LKSVINDPVYKENVMKLSRIHHDQPMKPLDRAVFWIE,0
Q7Z333-3,LRVPLLEILKYPYLLLHERVNELCVEALCRMEQANCS,0
A6NHR9-2,AELIDNSLSATSRNIGVRRIQIKLLFDETQGKPAVAV,1
Q5SSJ5-3,TEAIKACFQKSGASVVAIRKYIIHKYPSLELERRGYL,0
P98168,SCNKLFTSKHSMKTHMVKRHKVGQDLLAQLEAANSLT,0
O43149,LEEKHEWEKILQKVLQGCREDMLGTMALAACQFMEEP,0
P41182-2,SARNAPYFPCDKASKEEERPSSEDEIALHFEPPNAPL,0
Q15149,LLEAQIATGGVIDPVHSHRVPVDVAYRRGYFDEEMNR,0
Q9Y2D5-4,YTSKLLSCKVTSEVLEATRVNRRKSALALRWEAGIYA,1
O75747,ENRSNLEEPLKECIKHIARLSQKQTPLLLSEEKKRYL,1
P54289-4,DGGFLLMANHDDYTNQIGRFFGEIDPSLMRHLVNISV,0
Q4LE39-3,DMDNNGKEESKIDHLTNNRNDLISKEEQNSSSLLEEN,1
Q9UQ26-4,RRTDSLRKQHHLDPSSAVRKTKREKMETMLRNDSLSS,0
Q96Q42-3,GVLLTEDGEVYSFGTLPWRSGPVEICPSSPILENALV,0
Q15170,SNEEMIQAADELEEMKRVRNKLMIMHWKAKRSRPYPI,1
Q9NU22,PSYCSKLVKVMLDLQSYRRSSSVFAGKQGFITLRDLF,0
Q01432-6,FIQHKVYSPNMRWIIQVPRIYDIFRSKKLLPNFGKML,1
Q5JWR5,XXXXMNTEELELLSDSKYRNYVAAIDKALKNFEYSSE,0
P54098,VEELDYLEVEAEAKMENLRAAVPGQPLALTARGGPKD,1
Q68DK2-4,PEDYAEDDDIEGKSPSGLRSPSESPQHIAHPERKSER,1
A8MYA2,NRDEVPRAQLPTHRPGLPRLSVRRGEFSSSDPNIRAP,1
Q969Z0-2,WVLDAEVLLDSDGEFLPVRDFVAPHLAQPTGSQSPPP,0
P23467-4,TVSGDSWKTYSKPIFGSVRTKPDKIQNLHCRPQNSTA,0
Q8WZ42-3,ENANNLECSSCVKVVEVIRDWLVKPIRDQHVKPKGTA,0
O75752,LSFFVMWYLSLPHYNVIERVNWMYFYEYEPIYRQDFH,0
Q9H1P3-2,GSIYPKLKFWGKSVEAEPRGTITLELLKHNEAYTWTN,1
O75343,NAFPFHIVFDESLQVKQARVNIQKYVPGLQTQNIQLD,0
Q6DKI1-2,KIFSGVFVKVTPQNLKMLRIVEPYVTWGEVWRHLLGR,1
Q86WG5,QLFKNENPNPHMAFQKVPRPTEGSHLRVHILPFPEIN,0
P11274-2,KVPELYEIHKEFYDGLFPRVQQWSHQQRVGDLFQKLA,0
Q9UK80-3,TKKLTVQRFPRILVLHLNRFSASRGSIKKSSVGVDFP,1
Q9H8Y1,SLSPSAFWVWKSLARGWPRGLSKLQVPVPTLGKGGQE,1
P54098,TESEMFNKLESIATSDIPRTPVLGCCISRALEPSAVQ,0
Q9Y5X3,ELLRYYMLNIEAAKDLLYRRTKALIDYENSNKALDKA,1
Q9NRM7,SLLPFANESGTSAAAEVNRQMLQELVNAGCDQEMAGR,0
P11274-2,KEVSDRISSLGSQAMQMERKKSQHGAGSSVGDASRPP,0
Q86WT6-2,LHSLEQGMKVLATRELISRKLNLGQYKGPIQYMVWRE,1
O00411,LAQHLRDRVFWLPHNMDFRGRTYPCPPHFNHLGSDVA,1
Q9Y2D5-4,PHNGLLTDHHESLDNDVAREIRYLDEVLEANCCDSAV,0
P52272-2,APGVPSGNGAPGPKGEGERPAQNEKRKEKNIKRGGNR,0
Q9BY89,EAPLHDPDLDFLEVAKKIRERKEKMLSKPEMGSPRAL,0
P83105,GKVPAVPVQWGNCGDTGTRSAGPLRRNYNFIAAVVEK,0
O95153-2,RDFDRLLRESQREVLRLQRQIALRNQRETLPLPPSWP,1
O15050,IDQFYVYRNPEDYKRLFFRFMNVLIKRCKEPLIPSIG,1
P55771,AIGGSKPRVTTPTVVKHIRTYKQRDPGIFAWEIRDRL,0
O60902-2,VRELDMGAAERSREPGSPRLTEVSPELKDRKEDAKGM,1
P23280-2,FPNQGKGHGGHRGRSQNPRVQPTSTRHPLALGSLEAX,1
Q8IV33,LEKSLSLLASRYARAHPSRKRTPQLRLDVTTILICTE,0
P48552,EPLSCAARLQAVASMVEKRASPATSPKPSVACSQLAL,1
Q5VT06,YTDALLKPSASQYKSKLDRIEALKATAASLSSRIESE,0
Q96RW7-2,KDGQLIDERDGFKILLNGRKLVIAQAQVSNTGLYRCM,1
Q70CQ4,SRRTSLASLSESVEMTGERSEDDGGFSTRPFVRSVQR,0
Q6KC79-2,VSGSNLLQSFKESMVKDKRKERKSSPSKENESSDSEE,0
P15884-16,SHSSADINSSLPPMSTFHRSGTNHYSTSSCTPPANGT,0
Q14997-3,VLQGGLAQQEWRVPELLHRLLKYLEPKLTQVYKNVRE,1
Q8NFD5-4,PQTESSKFPFGIQQAKSHRNIKLLEDEPRSRDETPLC,0
Q8IXW5-2,EWTLIAMVLLSFLLNVKTRIKTFMMIYFHLMNSXXXX,1
P55107,NTATQGLLRGAMALAPPPRGLWQAKDISPIVKAARRD,1
Q9BY50,AGEIVVFKVEGRDIPIVHRVIKVHEKDNGDIKFLTKG,1
Q12923-2,YVGASEKETELEFLKVCQRLTEYGVHFHRVHPEKKSQ,0
Q9UPA5,LPLAGQASPQLYAASLLQRGLTGPTTVPATKASLLRE,0
Q9NRC6,QRRMEQRRAQLERARLLARFRTAVRDYASWAARVRQD,1
Q5JU67-2,ETTKRAIKENNGITLQMARVSQQGMKLLQENEQLKGR,1
Q5VT06,LAQQESVSLAQIIKAQQQRHERDLALLKLKAEQEALE,0
Q96T58,PDLPPPPQPAPVDEEPQARFRVHSIIESDPVTPPSDP,0
Q8IZP0-10,SINHISQTVDIHKEKVARREIGILTTNKNTSRTHKII,1
Q9Y5A7,EVFLPPRLKKDRKNLLETRLHITGRELRSKIAETFGL,0
O15231-2,QGDPAVPAQQPADPSTPERQSSPSGSEQLVRRESCGS,1
Q9UPN9-2,SGSSTALLYSKRLITFQLRHILKARCDPVPAANGAIR,1
P16144-4,NPKFGAHLGQPHSTTIIIRDPDELDRSFTSQMLSSQP,0
Q86WK7,APALGLERPEEHLYALVGRSLRLYCNTSVPAMRIAWV,1
Q9BXJ8-2,WEDLQQDFQNIQETHRLYRLKLEELTKLQNNCTSSIT,1
Q9P2F8,TSSIDRQGLSGENFFAMLRGYRVENYDHKAMVPFGFP,0
Q4KWH8-3,LNIEEIHQLMHKLNVNLPRRKVRQMFQEADTDENQGT,0
P27338-2,HDSGLNVVVLEARDRVGGRTYTLRNQKVKYVDLGGSY,1
Q9Y4W6,LLSMLPTVLIIAFLLYTIRRGPAGIGRTGRGMGGLFS,0
Q8N9Z2,VWGERSLAAARRRARQVLRVNLEPMVRLRRFPVPRAX,1
Q53EZ4-2,KEKNAYQLTEKDKEIQRLRDQLKARYSTTTLLEQLEE,0
Q9Y6J0-2,DAGDSADQSGERKDKESPRAGPTEPMDTSEATVCHSD,0
P0CG37,LRPDAPAHPRSLVPSVLQRERRPCGRPGLGHRLXXXX,1
Q15435-2,IEGLENNNKLTMLDIASNRIKKIENISHLTELQEFWM,1
P07814,EWDKIWAFNKKVIDPVAPRYVALLKKEVIPVNVPEAQ,0
Q494U1-3,ELPLRAVHINLEEKEKQIRSFLIEGPLINTIRVVCAS,1
Q9P2F8,KEDFLKLMLPDSPLVEEGRRKFSFYGNLSPRRSLYRT,0
O95071-2,LQNKYTPGRREEAIAVTMRFLRSVARVFVILSVEMAS,1
Q14160-2,LRELCIQKAPGERLGISIRGGARGHAGNPRDPTDEGI,0
Q5TZA2,QEKISKMKANETKLEGDKRRLKEVLDASESRTVKLEL,0
O43795-2,RDALAKNLYSRLFSWLVNRINESIKAQTKVRKKVMGV,1
P42345,WQKILMVRSLVVSPHEDMRTWLKYASLCGKSGRLALA,0
O60237,DNKDKERENKSYISSLAPRKLNSTSDIEEKENRESAV,1
Q9HCM9-2,HPNLVLSEDRKSVKFVETRLRDLPDTPRRFTFYPCVL,1
Q15435-2,MNDNLLESWSDLDELKGARSLETVYLERNPLQKDPQY,0
Q13439-3,QLQNSISLSEKEAAISSLRKQYDEEKCELLDQVQDLS,1
Q4G0X9-3,VDSEIGQTEIRAMKGEIHRMKVRLGQLLKQQEKMIRA,1
Q6ZSJ9,RAISHTDVFVSTPVLDRYRMSKMHSHPSASNNSYATL,1
Q9NXD2-2,TEEKWLSSLENTRWLEYVRAFLKHSAELVYMLESKHL,1
O95255,QWVVRNWTDLENSIVSVERMQDYAWTPKEAPWRLPTC,0
Q9UMZ2-6,PFRDRSNTLNEKPALPVIRDKYKDLTGEVEENERYAY,1
Q02224-3,LHENLEEMRSVTKERDDLRSVEETLKVERDQLKENLR,1
Q15811-4,HISHIDRVYTLRAESINERTAWVQKIKAASELYIETE,1
Q9H089,ELKQAEKDNFLEWRRQLVRLEEEQKLILTPFERNLDF,1
Q16620-6,GNLVSKHMNETSHTQGSLRITNISSDDSGKQISCVAE,0
Q9H583,MVIPALIQSDSGDSIEVSRNVEEIVVKIISVFVDALP,1
Q86SQ0-2,VESKHFEDLEFQQLEHESRLDEEKENLTQQLLREVAE,0
Q9NU22,DGTAAKHLFFSQSCSLLVRLVPVLSSYSDLVLFFLTM,0
Q16401-2,QAAELRLGPLFSLLNENHREKTTLCVSILERLLQAME,1
Q86WA8-2,DEDEDEDNDDIVMLEKKIRTSSMPEQAHKVCVKEIKR,0
O94906-2,TTRSDIGPARDANDPVDDRHAPPGKRTVGDQMKKNQA,0
Q9NQG6-2,KKDDNGIGTAIDFVLSNARLVLGVGGAAMLGIATLAV,1
Q16832,LCMITEYMENGDLNQFLSRHEPPNSSSSDVRTVSYTN,0
Q96M95-2,XXXMSLGIMEEEDLAEYFRLQYGERLLQMLQKLPNVE,1
A6NHR9-2,EALLKRKLSEQEELKKKPRRSCTLPNYTKGSGDVLGK,0
Q9P225-2,EYDLSTNEWTDGILSSVMRTACADEKPDEKWILFDGP,0
Q9NR48-2,QEPQSTCTPEERRHNQRERLNQILLNLLEKIPGKNAI,1
Q6WRI0-3,NEGGESVLVVQLEVLEMLRRPTFRNPFNEKIVAQLGK,1
Q9HBL7,KGEAEDILETEKSKLQLPRGMITFESIEKARKEQSRF,1
Q93099,SNNGLAIHIFLCNTSMENRCFYNSDGDFLIVPQKGNL,0
Q5TZK3,KTWKQLRGCLQEDVQRVQRLSRRRHGESSKAVHKKMW,1
Q92922,KKLEIKLRHFEELETIMDREKEALEQQRQQLLTERQN,1
Q5F1R6-3,SEEEMEDAPKQKVKYLTFRFIFALRLSKKQKKKKQKP,1
O94906-2,TSVELWLALARLETYENARKVLNKARENIPTDRHIWI,0
Q495B1-1,KDHPSDPSGKSLSFKQDHRQETQQLRSVLWRLASRYL,0
P35240-4,FNLIGDSLSFDFKDTDMKRLSMEIEKEKVEYMEKSKH,1
Q9P2M4,RLDKHNDLGWKLFGKAPLRENAQKDSKRIQKEYEDKA,1
Q9Y4I1-2,ERYKKLHIGMENKIMQLQRKVDEQNKDYKCLVEKLTN,1
Q5T011-5,VKLLSSAPDQPPNSFYMVRIISKAPCMVLRLGFPIGT,0
P46939,PEKTDAVNEALESLESVLRHPADNRTQIRELGQTLID,0
Q68CK6,GLIFMPGTIQMKSTDILYRLQMSKAKAIVAGDEVIQE,1
O94915,LIVMGPNSNIRTVASVLLRNKEFNEPRVLTVKQVAHL,0
Q0VDD8-4,YTTPNSYLQFMETFAHILRAREEEMQTKRDRFHMGLS,0
P51116,EAPVKRASLLGDMHFRSLRTKLLLMSRNEEATKHLET,1
A1L4H1-2,APGKMPKSTKKWVTKNAKRPTTQPPVMPTTKHSRAQS,1
Q9BQS2,GDKSQQLGRVVVGPYMYTRGRELEHWDEMLSKPKELV,1
P55771,QLGGVFVNGRPLPNAIRLRIVELAQLGIRPCDISRQL,1
Q5TZA2,RQRDRLEEEQEDAVQDGARVRRELERSHRQLEQLEGK,0
Q14839,AGIINHGYARWQDIQNDPRYAILNEPFKGEMNRGNFL,0
P54855,HDNIAHMKAKGAALSVDIRTMSSRDLLNALKSVINDP,1
Q9HAY6,FLEQPFRLDILKMATAYIRRMSWASCLAFHREEKTYI,1
Q8WZ42-3,KITNYIVEKCATTAERWLRVGQARETRYTVINLFGKT,0
Q8IWY9-1,IRAMMGQLSAACSHSHFVRLFQKQLLQMCQSPGGAGG,0
Q8NCE0-5,FEGSLRRPLSWKSLAALSRVSVNVSKVTQHQLCHWSV,1
Q9H3U1,ICSEHQSRTVATLSILGTRRVVSILGVESQAVSLAAC,0
Q9NR48-2,KNSQPMATHKKSGRSKEKRKSKHKLKKRRGHLSEEPS,0
Q8NFW8-2,PSRGRPPKLQRNSRGGQGRGVEKPPHLAALILARGGS,1
Q8TBZ2,KEDLKEQHIPRLTEKEDKRVITQKFIIRKLKPMDPRR,1
Q01167-2,AGVLSAHSSGAQTPESLSREGSPAPLEPEPGAAQPKL,1
P55884,VPEDKDIPARVTLMQLPTRQEIRVRNLFNVVDCKLHW,1
Q8WX92,AVKELYSQLGEKLEQLDHRKPSPAQAAETPALELPLP,0
Q8TEM1,LHKKPFLAKYFPFMDLKLRAASPIITLVALDEALDNY,0
Q9NZR2,TNVPVCLCSTNWSGTQCERPAPKSSKSDHISTRSIAI,0
Q9Y485,FLSYCILHGSHGGGLASVRMELILLLQESQQETSEPL,0
Q99638,DIDSYMIAMETTIGNEGSRVLPSISLSPGPQPPKSPG,0
P49753,VLRSEFKMASSPAVLRASRLYQWSLKSSAQFLGSPQL,1
O75223-4,NLSLALCWQAQSGHGTCNRLFAWVQKKMVCRWSIKRS,0
P49454,MHHSFANIIGEQGSMPSERSECRLEADQSPKNSAILQ,0
Q63HN8,SRLLTSHDCEILESEVTGRAPKPTLLWLQQFDTEYSF,0
P16519-3,NNNICGVGVAYNSKVAGIRMLDQPFMTDIIEASSISH,0
Q5THJ4-2,PPGTQNYMVRMRLYDVNRRQLNLTIRIVCRAEGSLKI,1
Q75QN2-2,LISRVRGYLEMRLPDIPLRQVIAEECVAFMLNWRENE,0
Q969G2,CAGCNQHILDKFILKVLDRHWHSSCLKCADCQMQLAD,0
Q9Y485,NTRILRKCIEKVAKAAFYRKNDPLDAAIFYLAMKKKA,0
P42704,FSPTDFLAKMEEANIQPNRVTYQRLIASYCNVGDIEG,1
P49588,PDNTGRGYVLRRILRRAVRYAHEKLNASRGFFATLVD,1
Q14738,KNRELQKLPALKDSPTQEREELFIQKLRQCCVLFDFV,1
Q9NVP4-2,FCGSCGICVKSLVKLSLDRSLALAAEEPRPFSEPRCA,0
P54289-4,WVDNSRTPNKIDLYDVRRRPWYIQGAASPKDMLILVD,1
A1L4H1-2,APQRWTSHTTATLTPQAPRERTTKTMAMLTTQGPQEM,0
O94915,ETLKNKEFISAVAQVKAFRSLWPSDIFGSCEDDPVQT,0
Q6ZT62-2,MARRSTGSLAAAVETASGRQALVVGKPSPYMFECITE,1
Q17RC7,LEATTLRICTRALGLFVPRFEKAFLASEAVSEPHLGA,1
Q15075,KELVNEKSKLAEIEEIKCRQEKEITKLNEELKSHKLE,0
Q14839,RLKADVFKNMPSKTELIVRVELSPMQKKYYKYILTRN,1
Q7LDI9,GMPPAPQGRAPYPQPPTRRLNPTAPPSRQGSKLHEII,1
Q9ULT0,AFVIKGLSLERLPNSIASRFRLTEREEEVITCFERAS,0
A4D0S4-3,QAENQTREMKSELELAKQRSGLEDGLSLLQTKLQRHQ,1
Q8NDA8-6,SAYDVLFHQWLQSREAKLRLAVVEALGPMSHLLPSER,1
Q8NDI1-3,PIKKTSLSPTSKLGYSYSRDLDLAKKKHASLRQTESD,0
Q14C86-4,EMEAFKQRHSYPERLVRSRSSDIVSSVRRPMSDPSWN,0
A4D0S4-3,DQPNSHTIENVIVSFEPDREKKWWQSENGLDHVSIRL,0
Q8WVB6-3,RADPGVLAALCEKTDNDIRACINTLQFLYSRGQRELS,0
Q14573,AHISSMLSSGASCAAAAQRNASSYKATTRAFPRVTPT,0
Q9H251-4,NLPYSTNIYEHSPPGTTVRIITAIDQDKGRPRGIGYT,0
P42345,VAVRSEFKVYLPRVLDIIRAALPPKDFAHKRQKAMQV,1
Q5T011-5,SRAIQALRSVLNAFSVVNRKNMFVYQERATKAVYYLR,0
Q5T5C0-3,LVSALADDTLHLWNLRQKRPAILHSLKFCRERVTFCH,1
Q9H4G0-3,DYHGSAFEDFSRSLPELDRDKSDSDTEGLLFSRDLNK,1
Q13162,EEECHFYAGGQVYPGEASRVSVADHSLHLSKAKISKP,0
Q32MH5,EYDAEEFLVSLALLITEGRTPECSVKGRTESFHCPPA,0
Q15811-4,FDVASVPPVAEWAVPQSSRLKYRQLFNSHDKTMSGHL,0
O60423-3,KLALVINGDFLDKLLVSLRKEPRALAQNVNMDEAWQE,0
Q8WXH0-3,LEMLKMAKPPSDIQEIELRVKRLQEILKAFDTYKALV,0
Q5S007,LDRLLQQDKASLTRTLQHRIALHVADGLRYLHSAMII,1
P50851-2,IAPDAVNGQRRDSRSTVFRIPEFNWSQMHQRLLTDLL,0
Q96M89,FLEACSNSLFFRTCSVLLRAPKLDLQILEKLSIILQK,1
P51693,QDAASPEKEKMNPLEQYERKVNASVPRGFPFHSSEIQ,0
Q9Y2G9-3,IGRQSQLEALDSLRRKFHRVTAEEAKEPWESGYALSL,1
Q5TZA2,DLAQQQMQSDLDKADLSARVTELGLAVKRLEKQNLEK,1
Q8WXH0-3,DSDACANETECDSIQQTTRSLDRRWRNICAMSMERRM,0
Q9NRA8,TPFMAEHLEETLSAVTNNRQLKKDGDMTAFNKLVSTM,0
Q9GZM7-3,GTHSVKITGWGEETLPDGRTLKYWTAANSWGPAWGER,1
Q16620-6,NSNLQHINFTRNKLTSLSRKHFRHLDLSELILVGNPF,0
Q92622-3,QNYRCAGCGIRTDPDYIKRLRYCEYLGKYFCQCCHEN,1
P83436,VDTPDYSEKCVHLEALKNRLEALASPQIVAAFTSQAV,1
Q86WG5,QTTPQIILPKQKEKNTSFRTFSKTIVKGAKRAGKMTI,0
Q86XR8-3,IFSALKNLQDKIRRLELERIQAEESVKTLSRETIEYK,1
Q5T011-5,EKGNISIVQLEEKLRGAARQALADAIIELQLLPASLC,1
Q9BTC0,EADPLEPPPPQQQLGLSLRRSGRQPKRTERVEQFLTI,0
Q9P107-2,SGPSPEGPVPLTGEELDLRLIRTKGGVDAALEYAKTW,0
Q9UQ26-4,DKHPVTWQPSKDGDRLIGRILLNKRLKDGSVPRDSGA,1
Q6UXX5,IIGDVQIYDDYFIHYFAPRGLPPMEKNVVFVIDVSSS,0
Q32MH5,VIYDLRDMPANHQTFLRQRTFSVPVKQEVKRSVNKEN,1
P51693,LEEQVSGERQRLVETHATRVIALINDQRRAALEGFLA,1
Q03001-3,GLYLESTKEKISFASAAERIIIDKMVALAFLEAQAAT,1
O75185,DKDAFRQPPRSVRDTILSRALILKILMSAAIIISGTL,1
P63136,CTQCQVLHLPTQEAGVNPRGLCPNALWQMDVTHVPSF,1
Q96PK6,YGTVMSCAVMKQFAFVHMRENAGALRAIEALHGHELR,0
Q9UJ98-2,AGAHALYLLCNPEFTFFSRADFARSQLVDLLTDRFQQ,0
O95071-2,NLECIQNANKGTHTSLMQRLRNRGERDREREREREMR,0
Q9UPU5,LEAASSALGGPTLTHAVTRATKMLTATAMPTVATSVQ,0
Q8WX93-6,LQKKPRSTAEPDVLYVFVRVRCHQMKIQYYNLAHLIS,1
Q6ZTR5,ICDPNPILMLMLCVYMYERLPTYLPKKVVSFECTLHD,0
Q8TBC4-2,IDVSNLNRQFLFRPKDIGRPKAEVAAEFLNDRVPNCN,0
Q9ULE3-2,AGAAYVPELTQQFPLKLERSFKFMREAEDQLKAIPQF,1
P50570-3,KKFTDFDEVRQEIEAETDRVTGTNKGISPVPINLRVY,1
Q5T5S1-2,LSCHTPGPWAGPEGRQAQRLIEGKLKAAKKKKKXXXX,1
Q14494-2,LNLERDVEDLQRDKARLLREKVEFLRSLRQMKQKVQS,1
P41182-2,KERALPCDSARPVPGEYSRPTLEVSPNVCHSNIYSPK,0
Q9UNA1-2,DFGDFKTQLTISIQNTRNRFEGTRSEVESLMKKMKEN,1
P07864,GLYGIKEELFLSIPCVLGRNGVSDVVKINLNSEEEAL,0
Q06203,WVVSSESCSFLSIGARYYREVLPGEIVEISRHNVQTL,1
Q9Y263,LINLLNPKGKPANQLLALRTFCNCFVGQAGQKLMMSQ,1
Q9P2M4,NDDDPQFTNVTLSSIKETRGLHQQDCVHEAEEGSKLK,0
P12111-4,HVCLDICNIDPSCGFGSWRPSFRDRRAAGSDVDIDMA,0
Q15811-4,SELYIETEKKKREKAYLVRSQRATGIGRLMVNVVEGI,0
Q9NRD5-2,GGLGWTLVPGDLGPSSQSRSLGLGVLGTRPGTTPSVW,1
